id,title,description,link,image_link,additional_image_link,availability,price,brand,condition,shipping_weight
ARL_1OZ,Arnica Flower (Dried Organic),"Ethically harvested and certified organic whole Arnica montana flowers. Celebrated for centuries in traditional European herbal crafting and botanical formulation, arnica blossoms are prized for creating rich, golden solar-infused oils. Ideal for infusing into carrier oils like jojoba, olive, or sunflower to craft handmade botanical balms, salves, and massage oils. For external topical use only; do not apply to broken skin.",https://herbalisticwellness.com/products/arnica-flower-dried-organic,https://items-images-production.s3.us-west-2.amazonaws.com/files/10cc85356f8076b0c95b44b058fc8555e3e01b5f/original.png,https://items-images-production.s3.us-west-2.amazonaws.com/files/8ba4e271897473bcd63071b7203469bdec2fd1f8/original.png,in_stock,12.00 USD,Herbalistic Wellness,new,1.0 oz
ARN_OIL_1OZ,Arnica Oil,"Our Arnica Oil is small-batch slow-macerated for six weeks using whole organic Arnica montana blossoms submerged in cold-pressed extra virgin olive and golden jojoba oils. Infused with organic vitamin E and pure Roman chamomile essential oil, this fast-absorbing formulation provides a silky, luxurious glide for massage and daily skin hydration. Massage gently into target areas 2-3 times daily. External use only.",https://herbalisticwellness.com/products/arnica-oil,https://items-images-production.s3.us-west-2.amazonaws.com/files/8a1d395c02c3d90de218e6b1559adcc1b9c9d16e/original.png,https://items-images-production.s3.us-west-2.amazonaws.com/files/c48c633361a57e2b44af9e74e5afbead95ebdd73/original.png,in_stock,22.00 USD,Herbalistic Wellness,new,2.0 oz
BUR_ROOT_2OZ,Burdock Root,"Organic Burdock Root (Arctium lappa) is an essential foundational alterative herb in traditional Western herbalism and botanical crafting. Packed with inulin prebiotic fibers, polyphenols, and essential minerals, burdock root offers a rich, earthy flavor profile ideal for grounding herbal decoctions and custom root blends. Prepare as a slow decoction: simmer 1 tablespoon in 2 cups of water for 20 minutes.",https://herbalisticwellness.com/products/burdock-root,https://items-images-production.s3.us-west-2.amazonaws.com/files/c36189d6770b7e303819b0a4cf80a963f112bc2e/original.png,https://items-images-production.s3.us-west-2.amazonaws.com/files/3d914597e20d7bca1c271b9470bc89db7bd40d67/original.png,in_stock,10.00 USD,Herbalistic Wellness,new,2.0 oz
BPF_TEA_1.5,Butterfly Pea Flower,"100% pure organic Butterfly Pea Flower (Clitoria ternatea) blossoms, revered across traditional Southeast Asian herbal and culinary traditions. Exceptionally rich in ternary anthocyanins and bioflavonoids, this caffeine-free flower brews into an enchanting royal sapphire hue that magically transforms into rich magenta-violet when citrus or acid is introduced. Delicious iced or warm as a meditative daily tea ritual.",https://herbalisticwellness.com/products/butterfly-pea-flower,https://items-images-production.s3.us-west-2.amazonaws.com/files/fc2201dc393d19b2c85e3e3e8328e42e03da82e3/original.jpeg,https://items-images-production.s3.us-west-2.amazonaws.com/files/a1f92014715590a5b5558a002046542e4dd49c39/original.jpeg,in_stock,15.00 USD,Herbalistic Wellness,new,1.5 oz
BPF_TIN_1OZ,Butterfly Pea Flower Tincture,"Handcrafted in small batches, our Butterfly Pea Flower Extract captures the rich aromatic and botanical properties of organic Clitoria ternatea through a precise dual-maceration process in organic cane spirits and mountain spring water. Yields a vibrant blue botanical extract ideal for culinary creations, color-changing beverages, and aromatic blending. Suggested use: Add 1–2 full droppers to sparkling water, teas, or mocktails for a vibrant hue and earthy botanical flavor. 2 fl oz (60ml) amber dropper bottle.",https://herbalisticwellness.com/products/butterfly-pea-flower-tincture,https://items-images-production.s3.us-west-2.amazonaws.com/files/835455aee9ada8be47b65bb65c2431aa73cf4010/original.png,https://items-images-production.s3.us-west-2.amazonaws.com/files/361fa252a1359c9dcdc5664d513bb51c44c42b47/original.jpeg,in_stock,22.00 USD,Herbalistic Wellness,new,2.0 oz
BP_MASK_3.4,Butterfly Pea Sea Moss Face Mask,"Spa night, minus the appointment. This cool botanical gel starts with wildcrafted Caribbean Irish sea moss and concentrated butterfly pea flower extract, blended with raw honey and soothing aloe vera. It glides on smooth, sits soft and hydrating, and rinses clean — the kind of mask you reach for when your skin wants a little extra attention. Scoop a thin layer onto clean skin, relax for 15–20 minutes, then rinse thoroughly with lukewarm water. Each jar is 4 oz in glass — plenty for many weekly rituals. For external use only; if your skin is very sensitive, test on a small area first.",https://herbalisticwellness.com/products/butterfly-pea-sea-moss-face-mask,https://items-images-production.s3.us-west-2.amazonaws.com/files/20f3d814f65e359d188550eed13d1ffe7280933f/original.jpeg,https://items-images-production.s3.us-west-2.amazonaws.com/files/20f3d814f65e359d188550eed13d1ffe7280933f/original.jpeg,in_stock,17.00 USD,Herbalistic Wellness,new,3.4 oz
BUT_PEA_3OZ,"Butterfly Pea, Lavender, & Chamomile ( Focus & Calming Energy Blend )","Three classic calm-garden flowers in one cup. Organic butterfly pea flowers, aromatic French lavender buds (Lavandula angustifolia), and sweet Egyptian chamomile blossoms (Matricaria chamomilla) come together in a balanced, beautiful brew that turns a striking indigo blue. Chamomile and lavender have been sipped before bed for generations, and butterfly pea brings the color and a gentle earthy note. Steep one to two teaspoons covered for 10–15 minutes and enjoy unhurried. Each pouch is 2 oz of loose leaf. Store in a cool, dry place away from light.",https://herbalisticwellness.com/products/butterfly-pea-lavender-chamomile-focus-calming-energy-blend,https://items-images-production.s3.us-west-2.amazonaws.com/files/c85a3c72cb0c21d498a023411512916af498fffc/original.png,https://items-images-production.s3.us-west-2.amazonaws.com/files/67a31ebb66fdea283a669acb3883b2171fcba7a6/original.png,in_stock,14.00 USD,Herbalistic Wellness,new,2.0 oz
BUT_PEA_REG,"Butterfly Pea, Lavender, & Chamomile Calming Signature Blend | Herbalistic Wellness","Our signature apothecary blend, built on the classic triad of butterfly pea, French lavender, and whole chamomile flowers, then layered with certified organic lemon balm (Melissa officinalis) and passionflower (Passiflora incarnata) — long-standing favorites of the evening tea garden. The brew is a stunning indigo blue with a soft floral aroma and a mellow, honeyed finish. Steep one to two teaspoons covered for 10–15 minutes, pour, and settle in. Each deluxe pouch is 3 oz of loose leaf. Store in a cool, dry place away from light.",https://herbalisticwellness.com/products/butterfly-pea-lavender-chamomile-calming-signature-blend-herbalistic-wellness,https://items-images-production.s3.us-west-2.amazonaws.com/files/c85a3c72cb0c21d498a023411512916af498fffc/original.png,https://items-images-production.s3.us-west-2.amazonaws.com/files/67a31ebb66fdea283a669acb3883b2171fcba7a6/original.png,out_of_stock,13.50 USD,Herbalistic Wellness,new,2.0 oz
CHAM_FL_1.5,Chamomile Dried Flowers,"Hand-harvested organic Egyptian chamomile flowers (Matricaria chamomilla), kept whole so the aroma stays put. Chamomile is the classic evening tea the world over — steep it and you get a golden, honey-like infusion with a gentle floral profile that invites a slower pace. A staple for bedtime tea rituals and a favorite for custom botanical blending. Steep one tablespoon in just-boiled water, covered, for 10 minutes. Each bag is 2 oz of whole blossoms. Store in a cool, dry place away from light.",https://herbalisticwellness.com/products/chamomile-dried-flowers,https://items-images-production.s3.us-west-2.amazonaws.com/files/c8a5b190afb5e014eb18b149288b9d07a6b9ab7f/original.png,https://items-images-production.s3.us-west-2.amazonaws.com/files/b57a74a259aee10fb2b3010f1453b46c3693cd9f/original.png,in_stock,14.00 USD,Herbalistic Wellness,new,1.5 oz
CHAM_TIN_1,Chamomile Tincture,"Our organic chamomile tincture is small-batch extracted at a 1:4 ratio using organic cane spirits and mountain spring water, drawing out the essence of the blossoms into a concentrated liquid. Chamomile is the herb of the evening wind-down — a dropperful under the tongue or in a cup of warm herbal tea has been the traditional way to close out the day for generations. Take 1–2 full droppers under the tongue or in warm herbal tea before sleep. Each bottle is 2 fl oz with a dropper top. Store in a cool, dark place. Keep out of reach of children; if you are pregnant, nursing, or taking medication, check with your healthcare provider before use.",https://herbalisticwellness.com/products/chamomile-tincture,https://items-images-production.s3.us-west-2.amazonaws.com/files/d2f216776de926cd0e9081b89305c8af136c8b60/original.png,https://items-images-production.s3.us-west-2.amazonaws.com/files/4fb93ddf3e7457c53209c097bfaead3fac6ad4f3/original.png,in_stock,17.00 USD,Herbalistic Wellness,new,2.0 oz
CHI_CALE_REG,Chickweed Calendula & Lavender Ezcema Cream,"Handcrafted for skin that asks for a little extra kindness. We slow-infuse wildcrafted chickweed (Stellaria media), organic calendula blossoms, and French lavender into unrefined shea butter, cold-pressed jojoba, and pure beeswax. The result is a rich, golden cream that melts on contact and leaves skin feeling soft, cushioned, and comforted. Chickweed and calendula are old apothecary favorites for dry, reactive-looking skin, and the lavender keeps it smelling like a proper herbal workshop. Free of artificial fragrance and parabens. Massage a small amount onto clean skin as often as you like. Each jar is 4 oz in amber glass. For external use only; patch-test first if your skin is sensitive.",https://herbalisticwellness.com/products/chickweed-calendula-lavender-ezcema-cream,https://items-images-production.s3.us-west-2.amazonaws.com/files/3f9eaed2f2e71dcd047e3c0dd004ed027dd0cde1/original.png,https://items-images-production.s3.us-west-2.amazonaws.com/files/9830b246113c9bf305d5bd54044a02139688218a/original.png,in_stock,20.00 USD,Herbalistic Wellness,new,2.0 oz
CHI_PREM_REG,Chickweed,"Chickweed (Stellaria media) is the little green herb of old cottage gardens, prized by folk herbalists as a cooling, gentle plant for everyday apothecary making. This certified organic cut-and-sifted herb steeps into a mild, green infusion and is a favorite for DIY infused oils for homemade body-care crafting — cover with your oil of choice, rest on a sunny windowsill for a few weeks, strain, and bottle. Steep one to two teaspoons in just-boiled water, covered, for 10–15 minutes for a light cup. Each bag is 1.5 oz cut and sifted. Store in a cool, dry place away from light.",https://herbalisticwellness.com/products/chickweed-premium-organic-herb,https://items-images-production.s3.us-west-2.amazonaws.com/files/3f9eaed2f2e71dcd047e3c0dd004ed027dd0cde1/original.png,https://items-images-production.s3.us-west-2.amazonaws.com/files/9830b246113c9bf305d5bd54044a02139688218a/original.png,in_stock,11.00 USD,Herbalistic Wellness,new,2.0 oz
COM_OIL_1OZ,Comfrey Oil,"Known as 'knitbone' in the old herbals, comfrey has been a folk favorite of gardeners, makers, and hands-on people for centuries. We solar-macerate organic comfrey leaves and roots (Symphytum officinale) in cold-pressed carrier oils until the oil turns deep and green. It's thick, slow to absorb, and made for long, attentive massage on shoulders, legs, feet — anywhere that works hard. A true apothecary bodywork oil. For external use only, on unbroken skin.",https://herbalisticwellness.com/products/comfrey-oil,https://items-images-production.s3.us-west-2.amazonaws.com/files/3620a51090a12a8f59861db22ca35e1838d28d02/original.png,https://items-images-production.s3.us-west-2.amazonaws.com/files/a6f16c3e8794cd145b88cd30fde4a78d0b89d89b/original.png,in_stock,19.00 USD,Herbalistic Wellness,new,1.0 oz
COM_ROOT_REG,Comfrey Root,ON HOLD — this row appears to be a duplicate of row 16 (Comfrey Oil). See decision note; no copy proposed until LaToya confirms.,https://herbalisticwellness.com/products/comfrey-root,https://items-images-production.s3.us-west-2.amazonaws.com/files/da3871f0c78f5a406b577d90c3f5b6efdca8c55d/original.png,https://items-images-production.s3.us-west-2.amazonaws.com/files/eac91b6267c27c53d96e6ac15dc7f8bd9d093d7c/original.png,in_stock,14.00 USD,Herbalistic Wellness,new,2.0 oz
DAN_ROOT_2OZ,Dandelion Root,"Before coffee, there was dandelion. Our certified organic dandelion root (Taraxacum officinale) comes two ways: deep-roasted for a dark, toasty, coffee-like brew, or raw cut-and-sifted for a classic bitter tea. Folk herbalists have reached for dandelion as the quintessential bitters herb for generations — steep it strong, sip it slow, and enjoy the honest, earthy flavor. To brew, simmer one tablespoon in two cups of water for ten minutes, strain, and pour. Store in a cool, dry place.",https://herbalisticwellness.com/products/dandelion-root,https://items-images-production.s3.us-west-2.amazonaws.com/files/8fa6acb8df9b19575f64665a7477332b37daee61/original.png,https://items-images-production.s3.us-west-2.amazonaws.com/files/847392670bf8e0cc6dd0cadcff9135bd4eb083c3/original.png,in_stock,14.00 USD,Herbalistic Wellness,new,2.0 oz
ECH_PUR,Echinacea Purpurea,"The purple coneflower, from root to bloom. This certified organic Echinacea purpurea brings together whole aerial flowers, leaves, and roots — the full plant, cut and sifted for a rich, satisfying brew. Herbalists have kept echinacea in the autumn pantry for generations; it steeps into an earthy, faintly tingly cup with a soft floral finish. Steep one tablespoon in just-boiled water, covered, for ten to fifteen minutes. A cozy kettle ritual for crisp-weather evenings. Store in a cool, dry place away from light.",https://herbalisticwellness.com/products/echinacea-purpurea,https://items-images-production.s3.us-west-2.amazonaws.com/files/416d091c538d3a8dfbe0caef8c07366c7715f604/original.png,https://items-images-production.s3.us-west-2.amazonaws.com/files/778a0406b20dee12e726a7ab6c14548de8ac4a36/original.png,in_stock,10.00 USD,Herbalistic Wellness,new,1.0 oz
ECH_TIN,Echinacea Tincture,"From root to bloom, in one bottle. We dual-extract organic Echinacea purpurea — roots and flowers — in 50% organic cane spirits for a full, character-rich tincture. You'll notice echinacea's famous tongue-tingling sensation, the telltale sign of a fresh, well-made extract. Add 30–40 drops to a little water and take up to 3–4 times daily as part of your seasonal wellness ritual. Shake well before use; store in a cool, dark place. Consult your healthcare provider if you are pregnant, nursing, or taking medication.",https://herbalisticwellness.com/products/echinacea-tincture,https://items-images-production.s3.us-west-2.amazonaws.com/files/efdd39c49aa99ddce78bef1bf869856876f18bc9/original.png,https://items-images-production.s3.us-west-2.amazonaws.com/files/d07fdd4b6230b9a61ea7407306cb81eacda64666/original.png,in_stock,18.00 USD,Herbalistic Wellness,new,2.0 oz
ECH_TIN,"Echinacea Tincture, Cold & Flu Tincture","From root to bloom, in one bottle. We dual-extract organic Echinacea purpurea — roots and flowers — in 50% organic cane spirits for a full, character-rich tincture. You'll notice echinacea's famous tongue-tingling sensation, the telltale sign of a fresh, well-made extract. Add 30–40 drops to a little water and take up to 3–4 times daily as part of your seasonal wellness ritual. Shake well before use; store in a cool, dark place. Consult your healthcare provider if you are pregnant, nursing, or taking medication.",https://herbalisticwellness.com/products/echinacea-tincture-cold-flu-tincture,https://items-images-production.s3.us-west-2.amazonaws.com/files/efdd39c49aa99ddce78bef1bf869856876f18bc9/original.png,https://items-images-production.s3.us-west-2.amazonaws.com/files/d07fdd4b6230b9a61ea7407306cb81eacda64666/original.png,out_of_stock,12.84 USD,Herbalistic Wellness,new,2.0 oz
ELD_BER,Elderberry,"The winter pantry staple. These premium organic European black elderberries (Sambucus nigra) are deep purple-black, plump, and ready for your stovetop. Simmer a cup of berries with water, cloves, ginger, and a spoonful of raw honey, then strain for a rich, jewel-toned homemade syrup the whole family looks forward to — or steep a spoonful into tea for a tart, wine-dark cup. A cozy kitchen project for crisp-weather weekends. Store in a cool, dry place.",https://herbalisticwellness.com/products/elderberry,https://items-images-production.s3.us-west-2.amazonaws.com/files/23fab8c11916b38bb615e87c4fbd7b61968d92a6/original.jpeg,https://items-images-production.s3.us-west-2.amazonaws.com/files/4935c2da1bd8e91ae5164897a89ac04a1d4b44a2/original.jpeg,in_stock,10.00 USD,Herbalistic Wellness,new,2.0 oz
EUC_SCRUB,Eucalyptus Mint Bath Scrub,"Turn your shower into a steam spa. Dead Sea salts and creamy organic shea butter meet cold-pressed jojoba, crushed eucalyptus leaves, and pure peppermint oil in this brisk, wake-you-up scrub. Massage onto damp skin in slow circles, breathe in the cool green steam, and rinse to reveal smooth, polished, freshly-awake skin. Keep the jar dry between uses. For external use only; if your skin is sensitive, test on a small area first.",https://herbalisticwellness.com/products/eucalyptus-mint-bath-scrub,https://items-images-production.s3.us-west-2.amazonaws.com/files/d4ed16cb002b7f911df6cf954e6e3c320c531ed1/original.jpeg,https://items-images-production.s3.us-west-2.amazonaws.com/files/d5e349b8f32823a41bb2237488e6e3a769a65392/original.jpeg,in_stock,25.00 USD,Herbalistic Wellness,new,8.0 oz
EUC_BUTTER,Eucalyptus Mint Body Butter,"Cool, creamy, and cloud-light. Organic raw shea and mango butter are whipped with sweet almond oil into a fluffy butter that melts on contact, then lifted with eucalyptus and peppermint for that fresh, cool tingle. It sinks in fast with no greasy residue — your skin just feels deeply moisturized and wide awake. Scoop a little, warm it between your palms, and smooth it over arms, legs, and anywhere that wants a fresh start. For external use only; keep away from eyes and broken skin.",https://herbalisticwellness.com/products/eucalyptus-mint-body-butter,https://items-images-production.s3.us-west-2.amazonaws.com/files/3a469d67af3b0c919b933906c60319f5edbd772d/original.jpeg,https://items-images-production.s3.us-west-2.amazonaws.com/files/f656e6a7b5ceccd027c64087b0a08f5c687ae72d/original.jpeg,in_stock,27.00 USD,Herbalistic Wellness,new,8.0 oz
FRANK_BUTTER,Frankincense & Myrrh Body Butter,"An heirloom recipe for modern skin. Wildcrafted Royal Hojari frankincense and Somali myrrh — the sacred resins of ancient apothecaries — are slow-infused into unrefined Grade A shea butter, golden jojoba, and babassu oil, then whipped into a cloud-soft butter. It's rich, enveloping, and carries a warm amber-resin scent that lingers softly. Smooth over dry skin after your bath and feel it melt into deep, velvety moisture. For external use only; if your skin is sensitive, patch-test first.",https://herbalisticwellness.com/products/frankincense-myrrh-body-butter,https://items-images-production.s3.us-west-2.amazonaws.com/files/77faf489360a0bd694039b4dc32d7fc7409c2ae3/original.jpeg,https://items-images-production.s3.us-west-2.amazonaws.com/files/ac4588b6f38a20f42fd744eaf9e4f5801a7ea91d/original.jpeg,in_stock,27.00 USD,Herbalistic Wellness,new,8.0 oz
FRA_AND_REG,Frankincense and Myrrh Bath Salt Scrub,"The slow-down scrub. Mineral-dense pink Himalayan salt and Epsom salts are blended with frankincense and myrrh essential oils and botanical oils. Scoop a handful onto damp skin and massage in slow circles to gently buff away dull, rough patches, then rinse — the oils leave skin feeling soft and supple, wrapped in a meditative, ancient-wood-and-resin scent. Made for quiet evening baths. Comes in an 8 oz (227g) glass jar. For external use only; keep the jar dry between uses and use caution on wet tub surfaces.",https://herbalisticwellness.com/products/frankincense-and-myrrh-bath-salt-scrub,https://items-images-production.s3.us-west-2.amazonaws.com/files/1daf754c4656c042e40bea86e35c2abb8b8e1931/original.jpeg,https://items-images-production.s3.us-west-2.amazonaws.com/files/d0a6a6f487c518ed702f8268ab433432c84fca15/original.jpeg,in_stock,25.00 USD,Herbalistic Wellness,new,2.0 oz
GIN_GRAP_REG,Ginger & Grapefruit Body Butter,"Sunshine in a jar, with a little spice. Raw whipped shea and kokum butters are blended with cold-pressed ginger root oil and pink grapefruit peel oil for a warming citrus-spice scent that wakes up your senses. It glides on smooth, drinks in fast, and leaves skin feeling supple, soft, and lightly perfumed — the morning-person body butter. Massage into damp skin after showering, morning or night. Comes in a 4 oz or 8 oz whipped glass jar. For external use only; patch-test first if your skin is sensitive, and keep away from eyes.",https://herbalisticwellness.com/products/ginger-grapefruit-body-butter,https://www.herbalisticwellness.com/assets/images/products/ginger-grapefruit-body-butter.jpg,https://www.herbalisticwellness.com/assets/images/products/ginger-grapefruit-body-butter.webp,in_stock,27.00 USD,Herbalistic Wellness,new,2.0 oz
GIN_GRAP_REG,Ginger & Grapefruit Peel Powder Bath Scrub,"The wake-up scrub. Micronized organic grapefruit peel powder and real ginger root extract are blended with pure sea salt crystals in nourishing plant oils. Massage onto damp skin in the shower — the salt buffs away dry, rough texture while the ginger-and-grapefruit scent gives you that fresh, invigorated feeling. Rinse and follow with body butter for the full ritual. Comes in an 8 oz (227g) glass jar. For external use only; use caution on wet tub surfaces, and skip broken skin.",https://herbalisticwellness.com/products/ginger-grapefruit-peel-powder-bath-scrub,https://items-images-production.s3.us-west-2.amazonaws.com/files/f3ae306ce5142fd577e8306d37164962675efc84/original.jpeg,https://items-images-production.s3.us-west-2.amazonaws.com/files/f3ae306ce5142fd577e8306d37164962675efc84/original.jpeg,in_stock,25.00 USD,Herbalistic Wellness,new,2.0 oz
GOTU_KOLA,Gotu Kola,"An old-soul herb for the apothecary shelf. Certified organic gotu kola (Centella asiatica) — long used in Ayurvedic tradition as a rasayana, or rejuvenative herb — is cut and sifted for your blends. It steeps into a mild, leafy, faintly sweet cup that plays well in custom tea blends alongside lemon balm, tulsi, or mint. Steep one teaspoon in just-boiled water, covered, for five to ten minutes. Store in a cool, dry place away from light. Comes in a 2 oz (56g) cut-and-sifted package.",https://herbalisticwellness.com/products/gotu-kola,https://items-images-production.s3.us-west-2.amazonaws.com/files/230b2001a3df2bdc48f81f31b296b50112bdb007/original.jpeg,https://items-images-production.s3.us-west-2.amazonaws.com/files/0ece6d6cfc1d45c24d9f3499a16d03258d40e3e1/original.jpeg,in_stock,14.00 USD,Herbalistic Wellness,new,1.5 oz
HAR_SPIC_REG,Harvest Spice | Limited Edition Seasonal Harvest Butter,"Autumn, whipped into a jar. Raw shea butter is folded with the essential oils of Ceylon cinnamon, sweet orange, and clove bud plus rich Madagascar vanilla — the whole jar smells like the best candle you ever owned, except you get to wear it. It wraps skin in soft, velvety hydration for the cold-weather months. Massage into damp skin after showering and let the cozy scent carry you through the season. Available for the season only in 4 oz or 8 oz jars. For external use only; patch-test first if your skin is sensitive.",https://herbalisticwellness.com/products/harvest-spice-limited-edition-seasonal-harvest-butter,https://items-images-production.s3.us-west-2.amazonaws.com/files/056134f5cf3f376144a59ae5b835ca22b03566e2/original.jpeg,https://items-images-production.s3.us-west-2.amazonaws.com/files/12dc3c6067a5f41da64ce5c2ca17d00c953f9dc9/original.jpeg,in_stock,27.00 USD,Herbalistic Wellness,new,2.0 oz
JOURNAL_BLK,Herbal Remedies Journal - Black Edition,"A keeper for your herbal journey. This beautifully bound hardcover journal holds 160 pages of specialized sections: materia medica monographs, menstruum extraction math, client consultation notes, harvest logs, and space for your own proprietary tea blend recipes. It is the kind of notebook that earns its place on the apothecary shelf — and a natural companion for students of The Formulator's Collective.",https://herbalisticwellness.com/products/herbal-remedies-journal-black-edition,https://items-images-production.s3.us-west-2.amazonaws.com/files/8155ee70a20800948493dd9fa9ace82ab8f59c7c/original.png,https://items-images-production.s3.us-west-2.amazonaws.com/files/2549412c9c54dc0e878fc3e9e3147fe5349d3f6e/original.jpeg,in_stock,20.00 USD,Herbalistic Wellness,new,10.0 oz
HER_REME_REG,Herbal Remedies Journal - Brown Edition,"A keeper for your herbal journey. This beautifully bound hardcover journal holds 160 pages of specialized sections: materia medica monographs, menstruum extraction math, client consultation notes, harvest logs, and space for your own proprietary tea blend recipes. It is the kind of notebook that earns its place on the apothecary shelf — and a natural companion for students of The Formulator's Collective.",https://herbalisticwellness.com/products/herbal-remedies-journal-brown-edition,https://items-images-production.s3.us-west-2.amazonaws.com/files/44f4987c83e2a1001bb76574351876e629319892/original.png,https://items-images-production.s3.us-west-2.amazonaws.com/files/2549412c9c54dc0e878fc3e9e3147fe5349d3f6e/original.jpeg,in_stock,20.00 USD,Herbalistic Wellness,new,10.0 oz
HER_REME_REG,Herbal Remedies Journal - Purple Edition,"A beautifully bound botanical ledger for your herbal journey. Inside you'll find guided sections for materia medica monographs, extraction ratios and blending math (menstruum), client consultation notes, harvest logs, and your own proprietary tea blend recipes. A sturdy, purple-covered companion for students of The Formulator's Collective — or any herbalist who wants every recipe kept in one place.",https://herbalisticwellness.com/products/herbal-remedies-journal-purple-edition,https://items-images-production.s3.us-west-2.amazonaws.com/files/44f4987c83e2a1001bb76574351876e629319892/original.png,https://items-images-production.s3.us-west-2.amazonaws.com/files/2549412c9c54dc0e878fc3e9e3147fe5349d3f6e/original.jpeg,in_stock,20.00 USD,Herbalistic Wellness,new,10.0 oz
HER_AYUR_REG,Herbie Ayurvedic Sleep Infusion,"Our master Ayurvedic bedtime blend. Organic ashwagandha root, whole chamomile flowers, valerian root, lavender buds, and ground nutmeg — the classic herbs of the nighttime cup, long treasured in Ayurvedic tradition. It brews a warm, honeyed, faintly sweet cup with a soft floral finish. About an hour before bed, brew a strong cup, dim the lights, and let the steaming ritual tell your body the day is done. Steep one tablespoon in just-boiled water, covered, for ten to fifteen minutes. Caffeine-free. Store in a cool, dry place away from light.",https://herbalisticwellness.com/products/herbie-ayurvedic-sleep-infusion,https://items-images-production.s3.us-west-2.amazonaws.com/files/e70208283b39fc3891c33edfeb0b9465f3dc15b1/original.png,https://items-images-production.s3.us-west-2.amazonaws.com/files/3aaedcc0734e9d6ab8f79207d40511776ffb650f/original.png,in_stock,15.00 USD,Herbalistic Wellness,new,2.0 oz
HER_DETO_23OZ,Herbie Detox Blend,"The spring-cleaning cup. Burdock root, dandelion root, red clover, cleavers, and ginger — the classic 'alterative' herbs that folk herbalists have brewed for generations when they wanted a reset. It steeps into a deep, earthy cup with a bright ginger lift — not sweet, not fussy, the kind of tea that tastes like a clean slate. Steep one tablespoon in just-boiled water, covered, for ten to fifteen minutes. Lovely as a morning ritual or a seasonal reset week. Store in a cool, dry place away from light.",https://herbalisticwellness.com/products/herbie-detox-blend,https://items-images-production.s3.us-west-2.amazonaws.com/files/38a92453aaf8909612b1c5f6f0fd62fe8e9ac047/original.jpeg,https://items-images-production.s3.us-west-2.amazonaws.com/files/bc0fd0a94eabe1de63ea724aacdf41451de2d785/original.jpeg,out_of_stock,12.50 USD,Herbalistic Wellness,new,2.0 oz
HIB_LEAF_1OZ,Hibiscus Leaf,"The ruby-red showstopper. Certified organic hibiscus calyces and leaves (Hibiscus sabdariffa) — bold, tart, and cranberry-bright, steeping into that unmistakable crimson color. Long loved in herbal traditions from the Caribbean to the Middle East for its vivid flavor. Delicious as a hot cup, and downright glorious over ice with a squeeze of lime in summer. Steep one tablespoon in just-boiled water for ten minutes; for iced tea, brew double-strength and pour over ice. Store in a cool, dry place away from light.",https://herbalisticwellness.com/products/hibiscus-leaf,https://items-images-production.s3.us-west-2.amazonaws.com/files/d7c0a689002a961d223e0adf527f51e15f4abef2/original.png,https://items-images-production.s3.us-west-2.amazonaws.com/files/284d76747e76a3468370f990d8cf345ff1242b3f/original.png,in_stock,12.00 USD,Herbalistic Wellness,new,1.0 oz
LAV_BUTTER,Lavender Body Butter,"Pure relaxation in a jar. Organic raw shea butter whipped with golden jojoba, cold-pressed sweet almond oil, and pure French lavender (Lavandula angustifolia) essential oil. It melts on contact and sinks in slow, leaving skin feeling velvety-soft and wrapped in lavender's familiar calming scent. Massage into arms, legs, and feet before bed as your wind-down ritual. For external use only; if your skin is very sensitive, test on a small area first.",https://herbalisticwellness.com/products/lavender-body-butter,https://items-images-production.s3.us-west-2.amazonaws.com/files/d9d5700edaaa49b60d4e99e26efec7b215dfbb77/original.jpeg,https://items-images-production.s3.us-west-2.amazonaws.com/files/a0ad239a481156c6359646626c58de072a9b33a4/original.jpeg,in_stock,27.00 USD,Herbalistic Wellness,new,8.0 oz
LAV_BODY_8OZ,Lavender Body Scrub,"The evening wind-down, in a jar. Dead Sea and Epsom salt crystals folded with crushed organic lavender flowers and vitamin E-rich sweet almond oil. Massage onto damp skin in slow circles, feel the salts polish away the day's dryness, then rinse to reveal soft, silky skin wrapped in lavender's familiar calming scent. Keep the jar dry between uses. For external use only; if your skin is very sensitive, test on a small area first.",https://herbalisticwellness.com/products/lavender-body-scrub-calming-bath-scrub-anxiety-calming-bath-scrub-herbal-infused-ezcema-bath-scrub,https://items-images-production.s3.us-west-2.amazonaws.com/files/68f0d98587a56909de3244f87ddb286ddd1f0caa/original.jpeg,https://items-images-production.s3.us-west-2.amazonaws.com/files/7924a033b93be4b0872c425e4878516363648b01/original.jpeg,in_stock,25.00 USD,Herbalistic Wellness,new,8.0 oz
LAV_FLW,Lavender Flowers,"Super-blue organic French lavender blossoms (Lavandula angustifolia) — exceptionally fragrant, the extra-grade stuff. Steep into teas, tuck into bath infusions, or stitch into little dream pillows and drawer sachets; a few spoonfuls also perfume homemade sugar, shortbread, and infused skincare oils. Steep one teaspoon per cup of just-boiled water, covered, for five to ten minutes. Store in a cool, dry place away from light to keep the scent bright.",https://herbalisticwellness.com/products/lavender-flowers,https://items-images-production.s3.us-west-2.amazonaws.com/files/bbfbddc40b252f0892a5e8b1470b063009a9d71c/original.jpeg,https://items-images-production.s3.us-west-2.amazonaws.com/files/90b6e8c2d33bba4fdb1ae95b936577364e41b70f/original.jpeg,in_stock,14.00 USD,Herbalistic Wellness,new,1.5 oz
LAV_MILK_REG,"Lavender Milk & Honey Bath Soak,  Milk Bath, Milk bath Powder, Herbal Infused Bath, Ezcema, Psoriasis, Sensitive Skin Soak","The Cleopatra treatment, minus the palace. Organic coconut milk powder, micronized colloidal oatmeal, pure honey powder, Epsom salts, and French lavender oil swirl into bathwater and turn it silky, milky, and fragrant. Pour a generous scoop under warm running water, sink in, and stay a while — this is the long-soak, candles-lit, phone-in-another-room kind of bath. Rinse lightly after, pat dry, and follow with your favorite body oil. For external use only. If your skin is easily irritated, patch-test first.",https://herbalisticwellness.com/products/lavender-milk-honey-bath-soak-milk-bath-milk-bath-powder-herbal-infused-bath-ezcema-psoriasis-sensitive-skin-soak,https://items-images-production.s3.us-west-2.amazonaws.com/files/43840ab6940d39850bd7b19e0242bcb4fde39eb0/original.jpeg,https://items-images-production.s3.us-west-2.amazonaws.com/files/34f64c3a8e156f5b2dea2082f6c231a95cdaf5e8/original.jpeg,out_of_stock,19.99 USD,Herbalistic Wellness,new,2.0 oz
LAV_SOAP,Lavender Oatmeal Artisan Soap,"The gentle one. This small-batch, cold-processed bar starts with saponified extra virgin olive, coconut, and castor oils, then gets finely ground colloidal oats for the softest micro-exfoliation and pure French lavender essential oil for that classic calming scent. The lather is creamy and mild — the kind of everyday bar that leaves skin feeling comfortable, not tight. Each 4.5 oz bar is cured for a long-lasting, hard bar. For external use only; if your skin is sensitive, test on a small area first.",https://herbalisticwellness.com/products/lavender-oatmeal-artisan-soap,https://items-images-production.s3.us-west-2.amazonaws.com/files/3eb9b53fa248026a9a4466025fa9da7c6cffb425/original.jpeg,https://items-images-production.s3.us-west-2.amazonaws.com/files/09c58296dc871e6ce9d733eb50d4f965cbcfb6be/original.jpeg,in_stock,6.00 USD,Herbalistic Wellness,new,4.0 oz
LEM_LEAF_5OZ,Lemongrass Leaf,"A cup of pure sunshine. Organic lemongrass leaf steeps into a bright, citrusy brew with a clean, refreshing finish — delicious hot on a chilly morning or poured over ice with a squeeze of lemon on warm afternoons. It brews a lively golden cup with a soft herbal sweetness and that unmistakable fresh-cut-citrus aroma. Steep one teaspoon per cup of just-boiled water, covered, for five to seven minutes. Store in a cool, dry place away from light.",https://herbalisticwellness.com/products/lemongrass-leaf,https://items-images-production.s3.us-west-2.amazonaws.com/files/d5652e3326f6310fc1338d1ade9ab397a8bd6a38/original.jpeg,https://items-images-production.s3.us-west-2.amazonaws.com/files/13843a69e662acf5cbad4907a35a7a25f1387fc3/original.jpeg,in_stock,5.00 USD,Herbalistic Wellness,new,5.0 oz
MAC_ROOT_25OZ,Maca Root | Powdered,"From the high mountain valleys of the Peruvian Andes comes maca, a hardy root crop grown there for centuries and treasured as a traditional food. Our certified organic yellow and black maca root is stone-ground into a fine, golden powder with a warm, malty, butterscotch-like flavor. Stir a spoonful into smoothies, oatmeal, or your morning coffee — it's an easy, tasty way to start the day. Store sealed in a cool, dry place.",https://herbalisticwellness.com/products/maca-root-powdered,https://items-images-production.s3.us-west-2.amazonaws.com/files/e9726514fbb1bf4a4caf05ec35bfec06521c2749/original.jpeg,https://items-images-production.s3.us-west-2.amazonaws.com/files/c42614d9371dc85cbae4cb8ba7b18c4caad12c92/original.jpeg,out_of_stock,14.00 USD,Herbalistic Wellness,new,5.0 oz
MARSH_ROOT,Marshmallow Root,"The apothecary's gentle giant. Organic marshmallow root is a classic demulcent herb — steeped long in cold water it gives a smooth, silky, softly sweet infusion with a naturally soothing mouthfeel. Folk herbalists have reached for it for generations, and it blends beautifully with mint, chamomile, or licorice root. For the silkiest cup, do a cold-water infusion: stir one tablespoon into a quart of cool water, cover, and rest in the fridge overnight, then strain. Store in a cool, dry place away from light.",https://herbalisticwellness.com/products/marshmallow-root,https://items-images-production.s3.us-west-2.amazonaws.com/files/5894bc95392025440b14d61d63249d65d1fa7d4b/original.jpeg,https://items-images-production.s3.us-west-2.amazonaws.com/files/fdc26c4ee808bc6dc7962f1c9bfd079b283985c2/original.jpeg,in_stock,12.00 USD,Herbalistic Wellness,new,1.6 oz
MUL_LEAF,Mullein Leaf,"An old cottage-garden favorite. Organic mullein leaf (Verbascum thapsus) brews into a mild, mellow, slightly sweet cup — gentle and easy-drinking, with a soft herbal character. Herbalists have kept it in the pantry for generations, and it pairs nicely with mint, lemon, and honey. Steep one teaspoon per cup of just-boiled water, covered, for ten to fifteen minutes, and strain well through a fine mesh or cloth (the fine leaf hairs are part of the plant, not grit). Store in a cool, dry place away from light.",https://herbalisticwellness.com/products/mullein-leaf,https://items-images-production.s3.us-west-2.amazonaws.com/files/acdc6f6a8e9b5cdf1c0b1aaf259625ecbcfc6131/original.jpeg,https://items-images-production.s3.us-west-2.amazonaws.com/files/e9de58cf09fb4a56e3a72190f054ed1e94529890/original.jpeg,in_stock,13.00 USD,Herbalistic Wellness,new,1.0 oz
MUL_OIL,Mullein Oil,"Made the slow, old-fashioned way. Fresh organic mullein blossoms and organic garlic are gently infused in pure olive oil under the summer sun, then strained and bottled in small batches. It's a golden, fragrant oil from a folk recipe that home herbalists have passed down for generations. Warm a small amount between your palms and massage gently around the outer ear and along the jawline — the warmth and the slow massage are the whole ritual. For external use only. If you have ear concerns, talk with your healthcare provider first.",https://herbalisticwellness.com/products/mullein-oil,https://items-images-production.s3.us-west-2.amazonaws.com/files/47bf530207388c17b694d97a966bd7886f17ca7c/original.jpeg,https://items-images-production.s3.us-west-2.amazonaws.com/files/ed2e54de2c38b49a9ff2d49b7afb01e8d2e4eff8/original.jpeg,in_stock,18.00 USD,Herbalistic Wellness,new,2.0 oz
NEE_LEAF_REG,Neem Leaf,"Not for the faint of tongue. Organic neem leaf is one of Ayurveda's most famous herbs — intensely bitter, cooling, and bold. Traditional herbalists have brewed it as a strong tea for centuries, often in small amounts blended with milder herbs like mint or tulsi to balance its bite. If you love the character of a serious, no-nonsense herbal cup, this is it. Steep one teaspoon per cup of just-boiled water, covered, for five to seven minutes. Start with a light hand — the bitterness is the point. Store in a cool, dry place away from light.",https://herbalisticwellness.com/products/neem-leaf,https://items-images-production.s3.us-west-2.amazonaws.com/files/c24a51265c0828378b01c3b656c62a5300db3cf6/original.jpeg,https://items-images-production.s3.us-west-2.amazonaws.com/files/563adb34b7c01be9a77fff2e4d972169fb3dbcb4/original.jpeg,in_stock,9.00 USD,Herbalistic Wellness,new,2.0 oz
NERV_SALVE,Nerve Joint & Muscle Pain Relief Salve,"Some evenings your body asks for a little extra attention. This salve starts with arnica, comfrey, St. John's wort, and cayenne, slow-infused in oil under the sun, then folded into unrefined beeswax and organic shea with natural magnesium and a lift of wintergreen. It glides on warm, melts in slow, and carries that classic herbal-apothecary scent. Scoop a small amount, massage into shoulders, knees, hands, or feet with long slow strokes, and let the ritual do the talking. For external use only. Patch-test first if your skin is sensitive, and keep away from eyes and broken skin.",https://herbalisticwellness.com/products/nerve-joint-muscle-pain-relief-salve,https://items-images-production.s3.us-west-2.amazonaws.com/files/465e79ff3186c3b8392e6996a08a2e5edeb6c42c/original.png,https://items-images-production.s3.us-west-2.amazonaws.com/files/dd575bcfd3498135c401b05d6c41fa0fb0e144e8/original.png,in_stock,24.00 USD,Herbalistic Wellness,new,2.0 oz
OAT_HON_SOAP,Oatmeal & Honey Artisan Soap,"Simple soap, done right. This unscented cold-processed bar blends raw wildflower honey — a natural humectant — with soothing colloidal oatmeal, saponified olive and avocado oils. The lather is creamy and mild, and it rinses clean without that tight, stripped feeling. It's the everyday bar for people who like their soap unfussy: no fragrance, no extras, just a soft, comforting wash. Each 4.5 oz bar is hand-poured and cured for a long-lasting, hard bar. For external use only; if your skin is easily irritated, test on a small area first.",https://herbalisticwellness.com/products/oatmeal-honey-artisan-soap,https://items-images-production.s3.us-west-2.amazonaws.com/files/7035efe49e9decf45067f6c97dc06b034221d54f/original.jpeg,https://items-images-production.s3.us-west-2.amazonaws.com/files/2d88ab388aa2c740d0bbf95e505963b5232be873/original.jpeg,in_stock,8.00 USD,Herbalistic Wellness,new,4.0 oz
ORG_CAL_SOAP,Orange & Calendula Artisan Soap,"A little sunshine in the shower. This hand-poured bar blends cold-pressed olive and coconut oils with solar-infused calendula oil, dried whole calendula blossoms, and pure sweet orange oil. The lather is creamy and bright with a happy citrus scent, and the petals give each bar its own golden, garden-fresh look. A great pick-me-up for slow mornings or anytime you want your shower to feel like a treat. Each 4.5 oz bar is cold-processed and cured for a long-lasting, hard bar. For external use only; if your skin is sensitive, test on a small area first.",https://herbalisticwellness.com/products/orange-calendula-artisan-soap-all-natural-soap-herbal-infused-soap,https://items-images-production.s3.us-west-2.amazonaws.com/files/a1e59e00fd50d2a3693eeb4885af7918d122ac91/original.jpeg,https://items-images-production.s3.us-west-2.amazonaws.com/files/fae067c2568426a86586072ea7fe81e356b533ae/original.jpeg,in_stock,6.00 USD,Herbalistic Wellness,new,4.0 oz
ORE_GRAP_REG,Oregon Grape Root,"The bitter roots traditional herbalists reach for. Oregon grape root (Mahonia aquifolium) is a native North American root known for its deep golden color and strong, earthy bitterness — the signature of a berberine-rich botanical. Bitter roots have a long folk tradition in after-meal teas and springtime brews; it steeps into a bold, woodsy cup with a satisfying bitter finish, the way bitter roots are meant to be. Steep one teaspoon in just-boiled water, covered, for ten to fifteen minutes. Fair warning: it is boldly bitter — blend with gentler herbs if you like. Store in a cool, dry place away from light.",https://herbalisticwellness.com/products/oregon-grape-root-premium-organic-cut-and-sifted-dried-herb,https://items-images-production.s3.us-west-2.amazonaws.com/files/a28a0a2a87f207fbd790366c1a461d575208cd34/original.jpeg,https://items-images-production.s3.us-west-2.amazonaws.com/files/a35c58d22e68405ea0064725b2d445db3c7ef87a/original.jpeg,in_stock,14.00 USD,Herbalistic Wellness,new,2.0 oz
PEACH_BUTTER,Peach Mango Body Butter,"Indulge in tropical moisture. Whipped organic shea butter, mango seed butter, and golden jojoba, infused with natural peach and mango extracts. It melts on contact and sinks in smooth, leaving skin soft, velvety, and deliciously scented with a mouthwatering tropical aroma. Scoop a small amount and massage into damp or dry skin after bathing — the everyday tropical-luxury ritual. Available in 4 oz and 8 oz whipped glass jars. For external use only; patch-test first if your skin is sensitive.",https://herbalisticwellness.com/products/peach-mango-body-butter,https://items-images-production.s3.us-west-2.amazonaws.com/files/182e825ec862d929ab63ed03654bf00b8c357050/original.jpeg,https://items-images-production.s3.us-west-2.amazonaws.com/files/f8409688a4d6fb15b0184ea1f52795a2b19beb4b/original.jpeg,in_stock,27.00 USD,Herbalistic Wellness,new,8.0 oz
PEA_MANG_4OZ,Peach Mango Artisan Soap,"Handcrafted cold-processed artisan soap bar that lathers into rich, creamy bubbles. Formulated with organic shea butter, cold-pressed olive oil, and natural fruit botanicals. Leaves skin clean, refreshed, and deliciously scented. Each 4.5 oz bar is cold-processed and cured for a long-lasting, hard bar. For external use only.",https://herbalisticwellness.com/products/peach-mango-artisan-soap-all-natural-vegan-handcrafted-moisturizing-bar-soap,https://items-images-production.s3.us-west-2.amazonaws.com/files/a518c2c8bbf0f53d61afccc6095f89f698033c99/original.jpeg,https://items-images-production.s3.us-west-2.amazonaws.com/files/801c5b427916bb6adc4fcd414a659570899cd54b/original.jpeg,in_stock,6.00 USD,Herbalistic Wellness,new,2.0 oz
PEA_MANG_REG,Peach Mango Bath Salt Scrub,"Polishes away dry, dull surface skin with gentle sea salt crystals while rich mango butter and peach seed oil leave the body feeling baby-soft, deeply moisturized, and glowing. Massage onto damp skin in slow circles, then rinse — the tropical spa-night ritual in an 8 oz glass jar. Keep the jar dry between uses. For external use only; test on a small area first if your skin is sensitive.",https://herbalisticwellness.com/products/peach-mango-bath-salt-scrub-exfoliator-moisturizer,https://items-images-production.s3.us-west-2.amazonaws.com/files/d5e834b81399b0221de0ae4e3cd046713d226de1/original.jpeg,https://items-images-production.s3.us-west-2.amazonaws.com/files/d5e834b81399b0221de0ae4e3cd046713d226de1/original.jpeg,in_stock,25.00 USD,Herbalistic Wellness,new,2.0 oz
PEACH_BUTTER,"Peach Mango Body Butter, Body Cream, Body lotion,Moisturizer Scrub","Indulge in tropical moisture. Whipped organic shea butter, mango seed butter, and golden jojoba, infused with natural peach and mango extracts. It melts on contact and sinks in smooth, leaving skin soft, velvety, and deliciously scented with a mouthwatering tropical aroma. Scoop a small amount and massage into damp or dry skin after bathing — the everyday tropical-luxury ritual. Available in 4 oz and 8 oz whipped glass jars. For external use only; patch-test first if your skin is sensitive.",https://herbalisticwellness.com/products/peach-mango-body-butter-body-cream-body-lotion-moisturizer-scrub,https://items-images-production.s3.us-west-2.amazonaws.com/files/182e825ec862d929ab63ed03654bf00b8c357050/original.jpeg,https://items-images-production.s3.us-west-2.amazonaws.com/files/f8409688a4d6fb15b0184ea1f52795a2b19beb4b/original.jpeg,out_of_stock,12.58 USD,Herbalistic Wellness,new,8.0 oz
PEP_HEMP,Peppermint Hemp Seed Oil,"Tingly in the best way. Unrefined cold-pressed hemp seed oil — naturally rich in omega-3 and omega-6 fatty acids — is infused with pure steam-distilled peppermint essential oil for a brisk, cooling sensation that wakes up the senses. Warm a few drops between your palms and massage into the back of the neck, shoulders, or tired feet after a long day. The peppermint lift and silky finish make it a favorite for evening wind-down rituals. Peppermint oil is strong — a little goes a long way, so keep it away from eyes and broken skin. For external use only; patch-test first if your skin is sensitive.",https://herbalisticwellness.com/products/peppermint-hemp-seed-oil,https://items-images-production.s3.us-west-2.amazonaws.com/files/da00cb4ab2b6c51ae5cbc501384d4753def82e8e/original.jpeg,https://items-images-production.s3.us-west-2.amazonaws.com/files/7e06a4e6699a8b8f0b03d5d41069c7865620f868/original.jpeg,in_stock,19.00 USD,Herbalistic Wellness,new,2.0 oz
PEP_LEAF,Peppermint Leaf Organic Premium Loose Herb,"The classic cool-down cup. These certified organic whole peppermint leaves (Mentha piperita) are packed with cooling menthol — you can smell it the moment you open the bag. Folk herbalists have brewed peppermint after meals for centuries; it steeps into a bright, clean, bracing cup with a sweet finish. Steep one teaspoon per cup of just-boiled water, covered, for five to seven minutes. Lovely hot, or iced with a squeeze of lemon on warm afternoons. Store in a cool, dry place away from light.",https://herbalisticwellness.com/products/peppermint-leaf-organic-premium-loose-herb,https://items-images-production.s3.us-west-2.amazonaws.com/files/533afc9cfb6d8c3ab6f6041f60fc05895142df42/original.jpeg,https://items-images-production.s3.us-west-2.amazonaws.com/files/fba89319b60092e4800cb7e4e9a70839423baf9e/original.jpeg,in_stock,5.00 USD,Herbalistic Wellness,new,1.5 oz
RED_RASP_REG,Red Raspberry Leaf,"One of the best-loved leaves in women's folk herbalism. Red raspberry leaf (Rubus idaeus) has been steeped as a daily nourishing tea by women for generations — prized for its rich mineral profile, including iron, calcium, and tannins — and it brews into a smooth, mild, gently grassy cup that takes honey beautifully. Steep one teaspoon per cup of just-boiled water, covered, for five to ten minutes. A grounding daily-cup ritual. Store in a cool, dry place away from light.",https://herbalisticwellness.com/products/red-raspberry-leaf,https://items-images-production.s3.us-west-2.amazonaws.com/files/331a8a832b9677b11655ee48416f84c794c1b14a/original.jpeg,https://items-images-production.s3.us-west-2.amazonaws.com/files/284af5ad51c0014aa7134515d1ef9dfa6805c9dd/original.jpeg,in_stock,9.00 USD,Herbalistic Wellness,new,2.0 oz
ROS_LEMO_4OZ,Rosemary Lemon & Poppyseed All Natural Soap,"A revitalizing kitchen and bath soap bar. Saponified olive, coconut, and castor oils blended with real blue poppyseeds for invigorating exfoliation and essential oils of rosemary and lemon for a fresh, clean scent. A hardworking bar for hands that cook, garden, and get things done. Each 4.5 oz bar is cold-processed and cured for a long-lasting, hard bar. For external use only; if your skin is sensitive, test on a small area first.",https://herbalisticwellness.com/products/rosemary-lemon-poppyseed-all-natural-soap,https://www.herbalisticwellness.com/assets/images/products/rosemary-lemon-poppyseed-artisan-soap.jpg,https://www.herbalisticwellness.com/assets/images/products/rosemary-lemon-poppyseed-artisan-soap.webp,out_of_stock,5.10 USD,Herbalistic Wellness,new,2.0 oz
ROSE_HAIR,Rosemary Peppermint Hair Growth Serum,"Good hair days start at the scalp. Organic rosemary and peppermint — the classic herbal hair-care pair — are infused into black castor oil, jojoba, and horsetail, long treasured in traditional hair rinses. Warm a few drops between your palms, work into the scalp with firm fingertip massage, and let it sit twenty minutes or overnight before shampooing out. Expect a fresh, tingly rosemary-peppermint lift and hair that looks glossy and feels soft. For external use only; avoid the eye area.",https://herbalisticwellness.com/products/rosemary-peppermint-hair-growth-serum,https://items-images-production.s3.us-west-2.amazonaws.com/files/bdf27e51edf0291fb47cb08701a9b418f438e309/original.png,https://items-images-production.s3.us-west-2.amazonaws.com/files/4dfd92ead4138d967354bcb7328e642a7e376cde/original.png,in_stock,19.00 USD,Herbalistic Wellness,new,2.0 oz
SAG_LEAF_REG,Sage Leaf,"The wise old herb of the garden. These certified organic sage leaves (Salvia officinalis) are cut and sifted for an easy, full-bodied brew — savory, earthy, and slightly peppery, with that unmistakable sage aroma. Steep one teaspoon per cup of just-boiled water, covered, for eight to ten minutes for a bold, grounding cup that pairs beautifully with meals. Also lovely blended with rosemary, thyme, or lemon peel for custom kitchen teas. Sizes: 1.5 oz (42g), cut & sifted. Store in a cool, dry place away from light.",https://herbalisticwellness.com/products/sage-leaf,https://items-images-production.s3.us-west-2.amazonaws.com/files/888ba4f6945e4fe8198203006f1e4f072e359c81/original.jpeg,https://items-images-production.s3.us-west-2.amazonaws.com/files/5b4bfdad10c768d3bedd1445f8d872747e96d08d/original.jpeg,in_stock,10.00 USD,Herbalistic Wellness,new,2.0 oz
SEA_MOSS_REG,Sea Moss Gel DIY Kit Wildcrafted,"Make your own sea moss gel, start to finish. This kit starts with ethically ocean-harvested Caribbean gold sea moss (Eucheuma cottonii), sun-dried whole — plus complete step-by-step instructions for washing, soaking with key limes, and blending into smooth, fresh gel. One bag makes 4+ jars of gel you can spoon into smoothies and teas, or whisk into homemade facial masks and hair treatments. There is nothing like fresh gel you made yourself. Kit includes: 8 oz raw dried gold sea moss + full instruction card. Rinse well before use; refrigerate your finished gel and use within 2–3 weeks.",https://herbalisticwellness.com/products/sea-moss-gel-diy-kit-wildcrafted,https://www.herbalisticwellness.com/assets/images/products/product-default.jpg,https://www.herbalisticwellness.com/assets/images/products/product-default.webp,out_of_stock,16.99 USD,Herbalistic Wellness,new,2.0 oz
SOU_AFRI_2OZ,South African Rooibos,"The red bush tea South Africa is famous for. This certified organic rooibos (Aspalathus linearis) steeps into a naturally sweet, full-bodied cup with warm honey and vanilla notes — and zero caffeine, so it works as an all-day tea or a cozy evening ritual. Steep one to two teaspoons per cup of just-boiled water for five to seven minutes. Lovely plain, with a splash of milk and honey, or iced with lemon on warm days. Sizes: 2 oz (56g) loose leaf. Store in a cool, dry place away from light.",https://herbalisticwellness.com/products/south-african-rooibos,https://items-images-production.s3.us-west-2.amazonaws.com/files/30a4827626a9a18cfac977930c2603f88f9d8cd9/original.jpeg,https://items-images-production.s3.us-west-2.amazonaws.com/files/c6ffc9a1c770e09a145434c60c1452932361a0d2/original.jpeg,in_stock,10.00 USD,Herbalistic Wellness,new,2.0 oz
SPE_LEAF_5OZ,Spearmint Leaf,"The gentle mint. Certified organic spearmint leaf (Mentha spicata) is sweeter and softer than its peppermint cousin — cool, fresh, and easy to love on its own or in blends. Steep one teaspoon per cup of just-boiled water, covered, for five to seven minutes for a smooth, refreshing cup that is kind after meals. A favorite for blending with green tea, lemon balm, or chamomile. Sizes: 1.5 oz (42g), cut & sifted. Store in a cool, dry place away from light.",https://herbalisticwellness.com/products/spearmint-leaf-loose-organic-premium-herb,https://items-images-production.s3.us-west-2.amazonaws.com/files/5266d90e4d3147c945554aed6394355b41b56a57/original.jpeg,https://items-images-production.s3.us-west-2.amazonaws.com/files/e36cc0e870904353977513701e0f9af348e3ce05/original.jpeg,in_stock,5.00 USD,Herbalistic Wellness,new,5.0 oz
ST_JOHNS_OIL,St. John's Body Oil,"Forty days under the summer sun. That's what it takes for fresh St. John's wort blossoms to turn cold-pressed olive oil this deep, unmistakable ruby red. The result is a silky, slow-absorbing body oil with a soft herbal scent — pour a little into warm palms and massage into shoulders, legs, or anywhere that wants attention. This is the oil for slow evenings and unhurried hands. For external use only. Note: St. John's wort can make skin more sun-sensitive, so enjoy your massage indoors or in the shade and give skin time before sunbathing.",https://herbalisticwellness.com/products/st-john-s-body-oil-massage-oil-sunburn-oil-rubbing-oil,https://items-images-production.s3.us-west-2.amazonaws.com/files/f629a9d470a4f79a46e049c8fe8757ceeb2b6603/original.png,https://items-images-production.s3.us-west-2.amazonaws.com/files/567408e10519687c91ff27e54d9d49afc0b4e90c/original.png,in_stock,25.00 USD,Herbalistic Wellness,new,2.0 oz
ST_JOHN_2OZ,"St. Johns Wort (DRIED), Mood Regulating Herb, Herbal Healing, DIY Herbal Infusions","Harvested at midsummer when the golden blossoms are at their peak, these certified organic St. John's wort flowering tops (Hypericum perforatum) are cut and sifted for your apothecary shelf. Folk herbalists have steeped this sunny herb in teas and tinctures for generations, and it's a favorite for DIY infused oils — cover with your oil of choice, rest on a sunny windowsill for four to six weeks, strain, and bottle your own ruby-red oil. Steep one teaspoon per cup of just-boiled water, covered, for ten minutes. Store in a cool, dry place away from light.",https://herbalisticwellness.com/products/st-johns-wort-dried-mood-regulating-herb-herbal-healing-diy-herbal-infusions,https://www.herbalisticwellness.com/assets/images/products/st-johns-wort-dried-mood-regulating-herb-herbal-healing-diy-herbal-infusions.jpg,https://www.herbalisticwellness.com/assets/images/products/st-johns-wort-dried-mood-regulating-herb-herbal-healing-diy-herbal-infusions.webp,out_of_stock,14.00 USD,Herbalistic Wellness,new,2.0 oz
TEA_PEP_SOAP,Tea Tree & Peppermint Artisan Soap,"The wake-up bar. Saponified olive and coconut oils whipped into a rich, creamy lather, lifted with crisp Australian tea tree and cool peppermint. It's the post-workout, early-morning, shake-off-the-day shower soap — brisk, clean, and refreshing, the way a good bar soap should be. Each 4.5 oz bar is cold-processed and cured for a long-lasting, hard bar. For external use only; if your skin is sensitive, test on a small area first.",https://herbalisticwellness.com/products/tea-tree-peppermint-artisan-soap,https://items-images-production.s3.us-west-2.amazonaws.com/files/ad535b2bbf46c11e791f17e0d540731503bd785b/original.jpeg,https://items-images-production.s3.us-west-2.amazonaws.com/files/f1c1e6b49b968c08d1dedcb355b96bee3c3104b1/original.jpeg,in_stock,6.00 USD,Herbalistic Wellness,new,4.0 oz
FOUNDER_PASS,The Formulators Collective: Founder Circle Pass,"The ultimate tier of The Formulator's Collective. The Founder Circle Pass gives you lifetime access to all 8 core curriculum modules — botanical identification, extraction methods, formulation math, GMP basics, preservation, and small-batch product formulation — plus weekly live Q&A masterclasses with LaToya Renee, private formulation vault downloads, and wholesale botanical sourcing directories. For founders who want the deepest seat in the room and direct mentorship as they build. Access: lifetime VIP membership, all future module updates included.",https://herbalisticwellness.com/products/the-formulators-collective-founder-circle-pass,https://items-images-production.s3.us-west-2.amazonaws.com/files/17f70d6921e2fda975bdc1e554e908a3b281a7fe/original.png,https://items-images-production.s3.us-west-2.amazonaws.com/files/17f70d6921e2fda975bdc1e554e908a3b281a7fe/original.png,out_of_stock,147.75 USD,Herbalistic Wellness,new,0.5 oz
LIFETIME_PASS,The Formulators Collective: Full Course Lifetime Pass,"Learn to formulate like a pro, step by step. This 8-week program walks you from herbal enthusiast to confident formulator across 8 high-definition video modules: botanical identification, dual extraction methods, menstruum math, GMP compliance basics, preservation protocols, and small-batch product formulation. Lifetime access means you learn at your own pace and every future module update is yours. For anyone ready to make professional-grade herbal products — for their own shelf or their own brand. Access: lifetime course access.",https://herbalisticwellness.com/products/the-formulators-collective-full-course-lifetime-pass,https://items-images-production.s3.us-west-2.amazonaws.com/files/07e798df18f8e74cdf935f0ed7856d8b1c440a20/original.png,https://items-images-production.s3.us-west-2.amazonaws.com/files/07e798df18f8e74cdf935f0ed7856d8b1c440a20/original.png,out_of_stock,197.00 USD,Herbalistic Wellness,new,0.5 oz
TUR_FRAN_REG,Turmeric Frankincense and Myrrh Artisan Soap,"A royal botanical bar. Organic golden turmeric root, wildcrafted frankincense, and myrrh resins folded into rich saponified plant oils — an old-world apothecary trio long prized in traditional skin-care rituals. The bar works into a creamy, spice-warm lather with a deep golden hue, leaving skin feeling clean, smooth, and glowing. Lather onto damp skin, massage in, and rinse. For external use only; turmeric can temporarily tint light washcloths — and if your skin is sensitive, test a small area first.",https://herbalisticwellness.com/products/turmeric-frankincense-and-myrrh-artisan-soap-herbalistic-wellness,https://items-images-production.s3.us-west-2.amazonaws.com/files/8b1dbf302eea2d84c48b3fd041163ff5c164805f/original.jpeg,https://items-images-production.s3.us-west-2.amazonaws.com/files/8b1dbf302eea2d84c48b3fd041163ff5c164805f/original.jpeg,in_stock,7.00 USD,Herbalistic Wellness,new,2.0 oz
TUR_GING_REG,Turmeric Ginger Lemon Body Oil,"Golden oil, golden ritual. Pure organic turmeric root and warming ginger are cold-macerated in golden jojoba and rosehip seed oils, then finished with a lift of cold-pressed Italian lemon peel oil. The result is a silky, quick-to-warm body oil with a bright, sunny scent. Smooth onto damp skin after a shower for a dewy, lit-from-within look, or warm a little between your palms for a slow massage. For external use only; patch-test first if your skin is sensitive, and give skin time before sunbathing — citrus oils can make skin sun-sensitive.",https://herbalisticwellness.com/products/turmeric-ginger-lemon-body-oil-ance-reducing-oil-massage-oil-skin-oil-herbal-infused-oil,https://items-images-production.s3.us-west-2.amazonaws.com/files/975a97b7f9a488048a746ce460c9ae0502238187/original.png,https://items-images-production.s3.us-west-2.amazonaws.com/files/18828d8ddbce3b5eec413c1189c477af0704d214/original.png,in_stock,19.00 USD,Herbalistic Wellness,new,2.0 oz
TUR_LEMO_REG,Turmeric Lemon Body Butter,"Our best-selling whipped butter, in its golden hour. Grade A raw unrefined shea butter whipped to a light, airy cloud with golden turmeric root extract, sweet almond oil, and cold-pressed lemon peel oil. It melts in fast — rich moisture without the greasy feel — and leaves skin looking soft, supple, and sun-kissed. Scoop a small amount and massage into damp skin after a bath or shower, when skin drinks it in best. For external use only; citrus oils can make skin sun-sensitive, so give it time before sunbathing.",https://herbalisticwellness.com/products/turmeric-lemon-body-butter,https://items-images-production.s3.us-west-2.amazonaws.com/files/225f307ea0c5a6aaca701f1539d9e815f0c4a08e/original.jpeg,https://items-images-production.s3.us-west-2.amazonaws.com/files/225f307ea0c5a6aaca701f1539d9e815f0c4a08e/original.jpeg,in_stock,27.00 USD,Herbalistic Wellness,new,2.0 oz
TURM_SOAP,Turmeric Root Repair Soap,"The turmeric bar with a little extra soul. Organic raw turmeric root and raw honey folded into nourishing saponified plant oils for a creamy, golden lather. It cleanses deeply without stripping, leaving skin feeling smooth, fresh, and radiant. Work into a lather on damp skin, massage in, and rinse. For external use only; if your skin is sensitive, test a small area first. (Turmeric may tint light washcloths.)",https://herbalisticwellness.com/products/turmeric-root-repair-soap,https://items-images-production.s3.us-west-2.amazonaws.com/files/4eba9dbbaa0a5b8318a78f775a535641b8854747/original.jpeg,https://items-images-production.s3.us-west-2.amazonaws.com/files/1962bd306e57f33260b6a307ef8bbcd1ae082cf6/original.jpeg,in_stock,6.00 USD,Herbalistic Wellness,new,4.0 oz
VAL_ROOT,Valerian Root,"The old bedtime herb. Certified organic valerian root (Valeriana officinalis), cut and sifted for easy steeping. Herbalists have kept this earthy root in the evening pantry for generations — it brews into a strong, grounding tea, often blended with chamomile, lemon balm, or peppermint to soften its bold flavor. Steep one teaspoon in just-boiled water, covered, for ten to fifteen minutes. Store in a cool, dry place away from light. If you are pregnant, nursing, or taking medication, check with your healthcare provider before use. Note: valerian has a famously strong scent — that's the herb, not a flaw.",https://herbalisticwellness.com/products/valerian-root,https://items-images-production.s3.us-west-2.amazonaws.com/files/faa71761d9c0068f3ccafb8453a08aa1bc66a6b8/original.jpeg,https://items-images-production.s3.us-west-2.amazonaws.com/files/0042ae6fb98bc7a9300eedddd5a2f6d4997304ad/original.jpeg,in_stock,15.00 USD,Herbalistic Wellness,new,2.0 oz
SHEA_BUTTER,Whipped Shea Butter,"The one-jar wonder. Ethically sourced Grade A unrefined Ghanaian shea butter, whipped into a luxurious velvet cloud with golden jojoba. Rich in vitamins A, E, and F, this fragrance-free all-purpose butter seals in moisture — scoop a little and work it into dry hands, elbows, knees, and heels, or smooth it through the ends of your hair. A little goes a long way; warm it between your palms first and it melts like, well, butter. For external use only.",https://herbalisticwellness.com/products/whipped-shea-butter,https://items-images-production.s3.us-west-2.amazonaws.com/files/1d4ae23501f6fa93e50a68554fb60ab6641b2a01/original.jpeg,https://items-images-production.s3.us-west-2.amazonaws.com/files/e768d544aed47e0f5a567180c2d0f146a3cd759e/original.jpeg,in_stock,15.00 USD,Herbalistic Wellness,new,8.0 oz
ASH_ROOT,Ashwagandha Root Powder,"Ground ashwagandha root, a long-used staple of traditional Ayurvedic herbal practice. Earthy and grounding, it stirs easily into warm milk, teas, and smoothies as part of a steady daily ritual. Packed fresh in our Baltimore apothecary.",https://herbalisticwellness.com/index.html?product=62O5HN4E35U7XCDV3APTFRUW#shop,https://items-images-production.s3.us-west-2.amazonaws.com/files/3fb405ea8f9d1413bf16602c80ef635af230fc83/original.jpeg,,in_stock,11.00 USD,Herbalistic Wellness,new,
944003W,"Anti-Viral Flush Herbal Blend Tea, Cough Suppressant Tea, Strep Throat Tea, Cold & Flu Tea, Virus Ease Tea","There comes a time when your body needs an extra boost, a little extra help to assist itself in doing what it does best and that's protect you from viruses and infections of all kinds. There's no debate about it nasty viruses zap your energy and give you body aches, chills, cough, fever, sore throat, runny nose, congestion, and a general sense of feeling awful. My recipe for the Herbalistic Wellness Antiviral Flush may be able to help and comes in 3 different flavors making it the best Antiviral bomb you can drop in your body for the immune system boost your body needs to begin easing your symptoms by supporting your bodies own immune system in fighting off viruses of many types... Strep Throat, Cold, Flu, or easing up mild Corona Virus symptoms & speeding up recovery time. Take this Antiviral Herbal Flush 3 times a day in the form of a tea to promote health and balance your bodies imbalances.
 Every active ingredient serves a purpose: Echinacea: Echinacea tea has long been used as a staple in improving the immune system and fending off infections. Echinacea offers antibacterial properties that prevent pathogens from making you sick. Echinacea tea can also soothe a sore throat and minimize aches and pains caused by the common cold and flu. 
Ginger: Ginger has been shown to have impressive antiviral activity thanks to its high concentration of potent plant compounds. Specific compounds in ginger, such as gingerols and zingerone, have been found to inhibit viral replication and prevent viruses from entering host cells. 
Peppermint: Respiratory herbs like Peppermint can help keep respiratory passages open and improve breathing capacity but they can also work as mucous expectorants, as antivirals and antimicrobials, and help ‘sanitize’ the ambient air in confined spaces when diffused. 
Sage: Sage is an aromatic herb that has long been used in traditional medicine to treat viral infections. The antiviral properties of sage are mostly attributed to compounds called safficinolide and sage one, which are found in the leaves and stem of the plant. 
Mullein: Mullein is a great medicinal for the lungs, even when you smoke it. It soothes inflamed or infected lungs, and prevents coughing until infection or inflammation is broken. Then it aids in expectoration, helping to break up congestion and promote “effective” coughing. Elderberries: 
Elderberry supplementation may reduce the duration and severity of upper respiratory symptoms. Elderberry infusions have been shown to reduce the severity and length of influenza. packed with antioxidants and vitamins that may boost your immune system. They could help tame inflammation, lessen stress, and help protect your heart, too.
 Varieties: 
Rooibos Blend- South African Red Bush Rooibos tea contains antioxidants with anti-inflammatory properties that help to reduce inflammation and feelings of aches and pains. The anti-spasmodic compounds in rooibos tea help to alleviate abdominal pain such as stomach cramps by activating potassium ions throughout the body. 
Hibiscus Blend - Packed With Antioxidants. Share on Pinterest.May Help Lower Blood Pressure, May Help Lower Blood Fat Levels, May Boost Liver Health, Could Promote Weight Loss, Contains Compounds That May Help Prevent Cancer, Could Help Fight Bacteria and it's very flavorful
 Sleepy Time Blend (Valerian, Lavender, Chamomile) - Valerian Root is used to relieve anxiety, depression, and poor sleep, and also to ease menstrual and stomach cramps. Valerian has a mild calming effect that does not usually result in sleepiness the next day. As a sleep aid, valerian seems to be most effective for people who have trouble falling asleep and who consider themselves to be poor sleepers. It also has had good results for people who wake up during the night. Lavender- Lavender has a long history of medicinal use and is suggested to possess anticonvulsant, antidepressive, anxiolytic, sedative, and calming properties. 
((Comes in loose tea form with tea bags included))",https://herbalisticwellness.com/products/anti-viral-flush-herbal-blend-tea-cough-suppressant-tea-strep-throat-tea-cold-flu-tea-virus-ease-tea,,,out_of_stock,9.51 USD,Herbalistic Wellness,new,3 day
C138566,Chai Herbal Blend,"Chai Herbal Tea Blend is a delicious fragrant, spicy tea that may help boost heart health, reduce blood sugar levels, aid digestion and help with weight loss, made with a special but traditional blend of herbs.

First thing in the morning is the best time of day for your body to absorb this tea's benefits. An excellent coffee substitute, but even if you need to grab a coffee a little later, you're doing yourself a big favour if you're waking your cells every morning with chai tea polyphenols.

Chai is full of ingredients with beneficial properties, including black tea, ginger, cinnamon, cloves, cardamom, and much more. It comes in 1.5oz & .6 oz bags. 

Do yourself a favor and do your research on chai tea... then and only then will you understand why do many today have incorporated Chai into there daily herbal regimen.",https://herbalisticwellness.com/products/chai-herbal-blend,,,out_of_stock,10.19 USD,Herbalistic Wellness,new,2.5 oz
9119369,"Frankincense & Myrrh Body Butter, Holiday Bestseller, Body Cream, Lotion, Herbal Infused Body Moisturizer","The most UNIQUE and AMAZING SMELLING  fragrance is Frankincense & Myrrh, in our option. Frankincense & Myrrh are derived from the gummy sap that oozes out of the Boswellia and Commiphora trees, when their bark is cut. ... They are also extremely fragrant, particularly when burned, but definitely in this amazing all natural vegan body Butter also with frankincense giving off a sweet, citrusy scent and myrrh producing a piney, bitter odor the combination is to die for. 

Frankincense will naturally soothe and reduce inflammation and can also help prevent ance forming thanks to the boswellic acids it contains which are capable of killing bacteria associated with acne. 

Myrrh oil on your skin may aid wound healing and fight microbes that can cause infections. The oil may also deter the growth of skin fungi, including ringworm and athlete's foot. 

Did you know the biblical Magi, also referred to as the Wise Men or Kings, were – in the Gospel of Matthew and in Christian tradition – d",https://herbalisticwellness.com/products/frankincense-myrrh-body-butter-holiday-bestseller-body-cream-lotion-herbal-infused-body-moisturizer,,,out_of_stock,12.58 USD,Herbalistic Wellness,new,
403430F,Herbie Fatigue Blend,"<p>Herbie Fatigue Blend contains a blend of Organic Lemon Balm, Maca Root, &amp; Chamomile.</p><p><br/></p><p>Formulated to assist with all types of fatigue. What is fatigue? An imbalance that has a number of influences, including on one&#39;s habits, emotional state and physiology. In order to boost energy, one must not simply focus on ingesting substances that artificially boost energy, which most often can cause a sudden crash later. Turn your focus to balancing the three doshas and fatigue.</p><p><br/></p><ul><li><strong>Mental fatigue is associated with an imbalance in Vata dosha</strong></li><li><strong>Emotional fatigue is caused by an imbalance in Pitta dosha, </strong></li><li><strong>Physical fatigue is caused by an imbalance in Kapha dosha</strong>.</li></ul><p><br/></p><p>Ama, or impurities caused by improperly-digested food, is a major cause of all three types of fatigue. What Is Ama? Simply put... Ingested food ( or emotions ) turn into Ama, which is toxic, sticky, cloudy, smelly, substance that can spread from the gastrointestinal tract to other parts of the body. Ama or improper digestion is responsible for 90% of all diseases.</p><p><br/></p><p>The special blend of ingredients in our Herbies Fatigue Blend can aid in tackling the <em>Vata </em>related challenges of fatigue, as well as the more <em>Pitta l</em>ike emotional setbacks, like holding onto unresolved trauma in your personal relationships. On a <em>Kapha </em>focused physical level, Maca Root is known to improve fatigue by increasing energy, endurance, &amp; performance. Combined with lemon balm which directly assist with adrenal fatigue &amp; chamomile which reduces mental fatigue. This blend is the perfect for the ease &amp; management of your fatigue naturally.</p><p><br/></p><p>Our line of New Herbie Ayurvedic Infusions aims to combine the ancient wisdom of herbs to educate, nature, ease, &amp; support promoting balance between the mind, body and spirit elements.</p><p><br/></p><p> These unique tea blends are meant to re align imbalances &amp; bring you back into a healthy vibration within the world around us. </p><p><br/></p><p>So make sure to do your own research on Ayurveda. </p><p><br/></p><p><br/></p><p>Perfect for the Herbie looking for a natural alternative. </p><p><br/></p><p><br/></p><p><br/></p><p><br/></p><p>These statements have not been evaluated by the FDA. This product is not intended to diagnose, treat, cure or prevent any disease. Consult your physician before taking any dietary supplements if you are pregnant or nursing, if you have a medical condition, or are taking medication. Keep out of reach of children</p>",https://herbalisticwellness.com/products/herbie-fatigue-blend,,,out_of_stock,8.50 USD,Herbalistic Wellness,new,
206423W,Herbie Slim Blend,"<p>Herbie Slim Blend contains a blend of Organic Tulsi Leaf, Organic Rooibos Herb, Organic Gymnema Sylvestre Leaf, Organic Cinnamon Bark, Organic Turmeric Root Pieces, Organic Haritaki Herb and Organic Hibiscus Flower.</p><p><br/></p><p>Formulated to assist in weight management, an imbalance that has a number of influences, including one&#39;s habits, emotional state and physiology. In order to promote weight loss, one must not simply focus on improving the physique but also the psyche by directly appeasing imbalances in the three <em>doshas</em>, or mind-body types: <em>Vata</em>, <em>Pitta</em> and <em>Kapha</em>.</p><p><br/></p><p>The special blend of ingredients in our Herbies Slim Blend can aid in tackling the <em>Vata</em>-related mental challenges of cravings and concentration, as well as the more <em>Pitta</em>-like emotional setbacks, like motivation. On a <em>Kapha</em>-focused physical level, tulsi and rooibos are known to improve digestion and strengthen metabolism. Combined with heart-healthy hibiscus, pancreas-purifying gymnema sylvestre, fat-metabolizing turmeric root and tummy-cleansing haritaki, this blend is the perfect weight </p><p>management supplement.</p><p><br/></p><p>Our line of New Herbie Ayurvedic Blends aims to combine the ancient wisdom of herbs to educate, nature, ease, &amp; support promoting balance between the mind, body and spirit elements.</p><p><br/></p><p>These unique tea blends are meant to re align imbalances &amp; bring you back into a healthy vibration within the world around us. </p><p><br/></p><p>So make sure to do your own research on Ayurveda.</p><p><br/></p><p>Perfect for the Herbie looking for a natural alternative. </p><p><br/></p><p><br/></p><p><br/></p><p><br/></p><p>These statements have not been evaluated by the FDA. This product is not intended to diagnose, treat, cure or prevent any disease. Consult your physician before taking any dietary supplements if you are pregnant or nursing, if you have a medical condition, or are taking medication. Keep out of reach of children</p>",https://herbalisticwellness.com/products/herbie-slim-blend,,,out_of_stock,8.50 USD,Herbalistic Wellness,new,2 oz
Z205772,Sexy Organic Bath Tea or Sachet,"This ultra sexy organic bath tea is great for pampering yourself or a tub of two! A sensual combination of natural aphrodisiacs makes for an aromatherapy session that's sure to please the senses. This 4x6 muslin bag contains organic pink rose petals, organic jasmine flowers, organic lavender, organic oatstraw, and organic burdock root powder. You can leave the tea in the bag and soak like your own personal teacup or for a more sensual experience, pour the herbs straight into your bath water. 
A bath strainer is recommended for the second option This product also makes a wonderful drawer sachet leaving your unmentionables smelling oh-so-nice. Use it as a sachet while you're waiting for the perfect night to take your bath or order two! Shop Info: We believe that your skin is just as vital as any other organ in your body. Here at Herbalistic Wellness like to say ""Don't put anything on your body that you wouldn't put in it."" So, on that note, all of our products are completely edible. They may not be so tasty, however, but everything we use are non- toxic premium food grade ingredients. Can you say that about the products you're currently using? Other Info: Organic Completely cruelty free No sulfites, phthalates or parabens…ever No synthetic dyes or fragrances Completely all natural and safe zero waste company Packaging upcycled when possible Everything is made with love <3",https://herbalisticwellness.com/products/sexy-organic-bath-tea-or-sachet,,,out_of_stock,10.19 USD,Herbalistic Wellness,new,
4146651,Stinging Nettle,Premium wildcrafted loose-leaf stinging nettle herb. Steep in 85°C water for 3–5 minutes for a soothing herbal tea.,https://herbalisticwellness.com/products/stinging-nettle,,,out_of_stock,10.00 USD,Herbalistic Wellness,new,Size: 1 oz
V006618,"Turmeric Lemon Body Butter, Turmeric Lemon Body Cream, Turmeric Lemon Moisturizer","Herbalistic Wellness Turmeric Lemon Body Butter, An excellent herbal infused, rejuvenating, moisturizing, and balancing body butter. All natural, handcrafted & made to order! Brightens scars & blemishes with it's herbal infusion of Turmeric which aid the skin in repair & reducing acne and body scars. The anti-inflammatory qualities can target your skins pores and assist in calming the skin when used daily which is why Turmeric is known to reduce scarring world wide.  This is the perfect repair butter for daily use for beautiful skin glowing skin.


These statements have not been evaluated by the Food and Drug Administration. This product is not intended to diagnose, treat, cure, or prevent any disease.


Herbalistic Wellness is a proud supporter of the National Multiple Sclerosis Society Visit them today to donate @ www.nationalmssociety.org",https://herbalisticwellness.com/products/turmeric-lemon-body-butter-turmeric-lemon-body-cream-turmeric-lemon-moisturizer,,,out_of_stock,12.58 USD,Herbalistic Wellness,new,
L345929,Turmeric Root Soap,"Introducing our Turmeric Root Repair Soap – the perfect solution for radiant and supple skin. Our soap is designed to visibly enhance the skin's appearance, with strong anti-inflammatory properties that reduce the appearance of dark scars, circles, and stretch marks.

With its ability to fight off acne-causing bacteria, protect against sun damage, and soothe dry skin, our soap is an ideal choice for maintaining healthy and youthful-looking skin. Turmeric Root is also known for its ability to even out skin tone and complexion while retaining the skin's natural elasticity, making it more supple.
Our Turmeric Root Repair Soap is specially formulated not to stain your shower or tub, while still effectively washing away impurities. Don't take our word for it, see what our happy customers have to say on Etsy!

At Herbalistic Wellness, we're committed to supporting a good cause. We proudly support the National Multiple Sclerosis Society and encourage you to visit their website to donate.

Please note that these statements have not been evaluated by the Food and Drug Administration. Our product is not intended to diagnose, treat, cure, or prevent any disease. Give our best-selling Turmeric Root Repair Soap a try and experience the benefits for yourself!",https://herbalisticwellness.com/products/turmeric-root-soap,,,out_of_stock,4.42 USD,Herbalistic Wellness,new,
437388B,Wholesale Herbal Infused Handmade Soaps,"Looking for all-natural vegan soaps that are handcrafted with love and care? Look no further than Herbalistic Wellness! Our Lavender Oatmeal, Turmeric Root Repair, Tea Tree & Peppermint, Peach Mango, Oatmeal Honey, and Orange & Calendula artisan soaps are sure to leave your skin feeling refreshed, moisturized, and glowing.
Our Lavender Oatmeal soap is perfect for dry, itchy, and sensitive skin. Loaded with vitamins, minerals, antioxidants, and lipids, this soap is a real skin quencher that provides deep hydration and nourishment. The oatmeal in the soap has potent emollient properties, making it a great moisturizer that forms a protective barrier to keep skin hydrated. It also acts as a gentle exfoliator, removing dead skin cells and revealing smoother, brighter skin. Lavender oil in the soap provides a calming and soothing effect that promotes relaxation and reduces stress. Our Lavender Oatmeal soap is suitable for all skin types, including those with acne, eczema, and psoriasis.
Looking for a soap that can improve your skin's texture, tone, and elasticity? Try our Turmeric Root Repair soap! This soap contains turmeric, which has strong anti-inflammatory properties that reduce dark scars and circles, fights off acne, protects against sun damage and aging, and soothes dry skin. The soap gently exfoliates your skin, removing dead cells and promoting cell turnover for a brighter, more even complexion. Turmeric in the soap helps to retain the skin's elasticity and improve its suppleness.
Our Tea Tree & Peppermint soap is perfect for those who suffer from acne and other skin conditions. Tea tree oil in the soap has anti-inflammatory and antimicrobial properties that help to calm redness, swelling, and inflammation, preventing further breakouts. Peppermint oil naturally cleanses the skin and has antiseptic and antibacterial properties that leave your skin feeling clean, refreshed, and soothed. Use our Calming Blend Acne Astringent in conjunction with this soap to tame unwanted acne or prevent further recurrences for the best results.
Looking for a gentle and moisturizing soap that is perfect for sensitive skin? Try our Orange & Calendula soap! This soap contains calendula, a useful ingredient in beauty products due to its anti-inflammatory properties. It eases eczema and psoriasis, provides antioxidant benefits, and gently removes makeup. The soap is made with an olive oil base, which gives a clean and buttery feel despite minimal lather. This gentle soap is perfect for those with sensitive skin who want to moisturize and nourish their skin without irritation.
All of our artisan soaps are handcrafted with the finest natural ingredients and are 100% vegan. And now, for a limited time, we are offering a 20% discount on all wholesale purchases! Try our soaps today and experience the difference that all-natural, vegan, and handcrafted soaps can make for your skin. Please note that these statements have not been evaluated by the Food and Drug Administration. This product is not intended to diagnose, treat, cure, or prevent any disease.",https://herbalisticwellness.com/products/wholesale-herbal-infused-handmade-soaps,https://items-images-production.s3.us-west-2.amazonaws.com/files/4268034b6eafc14a3a73328167e55800f601a11a/original.jpeg,,out_of_stock,31.20 USD,Herbalistic Wellness,new,"Size: 6 Bars | each 4 fl oz, Scent: Turmeric Root Soap"
N820367,Turmeric Ginger Lemon Body Oil,"Turmeric Ginger & Lemon?Oil is formulated with our special blend of carrier oils?& is designed to be used on acne. Being an anti-fungal and antiseptic, it will dry out the pimples and also prevent further breakouts. Turmeric?is often used as in anti-marks and anti-spots herbal preparation. When used persistently, turmeric ginger & lemon oil can fade acne gradually & reduce marks giving you a blemish-free glow on your skin with this anti-inflammatory oil.

Please be advised: Turmeric can naturally stain clothing so do not used an excess but easily washes away during cleaning.



These statements have not been evaluated by the Food and Drug Administration. This product is not?intended to diagnose, treat, cure, or prevent any disease.


Herbalistic Wellness is a proud supporter of the National Multiple Sclerosis Society Visit them today to donate @ www.nationalmssociety.org",https://herbalisticwellness.com/products/AIJ7YNAFWGLAOB2FLHWFGZPP,https://items-images-production.s3.us-west-2.amazonaws.com/files/975a97b7f9a488048a746ce460c9ae0502238187/original.png,,in_stock,19.00 USD,Herbalistic Wellness,new,Volume: 2 Fluid ounces
329443W,Butterfly Pea Flower Organic Herb,"100% pure organic Butterfly Pea Flower (Clitoria ternatea) blossoms, revered across traditional Southeast Asian herbal and culinary traditions. Exceptionally rich in ternary anthocyanins and bioflavonoids, this caffeine-free flower brews into an enchanting royal sapphire hue that magically transforms into rich magenta-violet when citrus or acid is introduced. Delicious iced or warm as a meditative daily tea ritual.",https://herbalisticwellness.com/products/Y5MCWKIUR4A225UY2Z5G6SR6,https://items-images-production.s3.us-west-2.amazonaws.com/files/fc2201dc393d19b2c85e3e3e8328e42e03da82e3/original.jpeg,,out_of_stock,5.50 USD,Herbalistic Wellness,new,Size: With Tea Bags- .5 fl oz
T791703,Sea Moss Gel DIY Kits - Wildcrafted,"Herbalistic Wellness DIY Sea Moss Gel Kits are great for the type of person that like to be especially conscious about everything they put in there body. Would you like to make Sea Moss apart of your daily regimen but rather make it yourself? Herbalistic Wellness DIY Sea Moss Kits are packed with all the vitamins and minerals like magnesium, vitamin A, vitamin K, and omega-3 fatty acids, that sea moss naturally offers, which help to hydrate and promote healthy skin cell & body function. While there's no scientific evidence on the amount of sea moss you should look for in a product to reap the skin benefits it offer, one spoonful a day when added to your drinks or smoothies typically is best to get your daily dose. it's absolutely amazing ti use topically so your skin can absorb the vitamins and minerals Sea Moss provides...Remember the skin is your bodies largest organ.

**Try out our DIY Sea Moss Kit Blends**

Sea Moss Infused with Burdock Root:
Burdock may be considered a remedy for a wide range of ailments. In traditional medicine, burdock fruits, seeds, roots, and leaves have been used as decoctions or teas for colds,?gout rheumatism, stomach ailments, it promote urination, increase sweating, facilitated regular bowel movements, & is even promoted as an aphrodisiac.


SEA MOSS & BUTTERFLY PEA FLOWER: Butterfly Pea Flower is supposed to be beneficial for eye health and brain health specifically cognition & memory, it is also well known to boost collagen, is said to be a mood enhancer. Also said to have stress-busting effects that may also help reduce symptoms of anxiety. Besides being completely refreshing to the brain, bolster energy levels and stamina, influence positive emotions and thereby increase productivity throughout your day.


*NEW KITS ADDED PERIODICALLY SO CHECK BACK OFTEN.

***Would you Prefer your Sea Moss Gel made especially for you & ready to use by your Herbalist LaToya Renee', DM me your Custom Order on my shop Main Page, Choose any Herb in the shop to infuse with your custom Sea Moss Gel starting at $20 for an 8oz Jar.",https://herbalisticwellness.com/products/QHNMUDOC3VREDL4ZHPZB32QV,https://items-images-production.s3.us-west-2.amazonaws.com/files/d58d10253f421c1dc9b57a778c5e4af3d6528751/original.jpeg,,out_of_stock,20.00 USD,Herbalistic Wellness,new,Flavor: Irish Sea Moss Kit
,Holistic Wellness Assessment & Recommendation,"A comprehensive assessment that includes a nutritional plan, herbal recommendations, and holistic wellness advice from our network of wellness practitioners.",https://herbalisticwellness.com/products/JUAKOVGKJ6FEKFVPYC4VQLPX,,,out_of_stock,175.00 USD,Herbalistic Wellness,new,
V900910,Elderberry Tincture,"Nature?s ultimate seasonal defender, concentrated for daily resilience.
When your system needs an extra layer of protection against environmental stressors, look no further than the deep purple power of the European Black Elderberry (Sambucus nigra). Our Elderberry Tincture delivers the concentrated wellness of this time-tested botanical in a travel-friendly, fast-acting liquid format.

Elderberries are celebrated for their exceptionally high concentration of anthocyanins and vitamin C, making them an absolute powerhouse for neutralizing free radicals and reinforcing cellular health. Instead of sugary syrups, our clean tincture format offers a pure, potent extract that assimilates quickly into your system. It is the perfect daily ritual to keep your immune defenses robust and your body thriving through every changing season.

Key Benefits
Year-Round Immune Backing: Provides targeted nourishment to support and strengthen your body?s natural immune response.
Antioxidant Powerhouse: Packed with dark berry flavonoids that combat everyday oxidative stress and support cellular longevity.
Upper Respiratory Support: Helps maintain healthy respiratory function, keeping you feeling clear and vibrant during seasonal transitions.
Pure & Sugar-Free: All the defensive benefits of fresh elderberries without the added sugars, artificial thickeners, or preservatives found in commercial syrups.

Pure Ingredients
Organic Black Elderberry (Sambucus nigra) fruit
Organic Cane Alcohol (extraction agent)

Suggested Use
For Daily Maintenance: Take 1 dropperful (approx. 30 drops) in water or juice, 1 to 2 times daily.
For Extra Seasonal Support: Take 1 to 2 dropperfuls up to 4 times daily, or as recommended by your holistic health professional.
Shake well before use. Store in a cool, dark place.

Regulatory Note: These statements have not been evaluated by the Food and Drug Administration. This product is not intended to diagnose, treat, cure, or prevent any disease. Consult your healthcare provider before use if you are pregnant, nursing, or taking regular medications.",https://herbalisticwellness.com/products/27DWHZ4AMKONY6MCJPRDFJO5,https://items-images-production.s3.us-west-2.amazonaws.com/files/8312cfb98f7841ab4d887e041bf437cc2f7f5568/original.jpeg,,in_stock,20.00 USD,Herbalistic Wellness,new,1oz
8483379,Ginger Tincture,"Ignite your inner warmth and restore natural digestive harmony.
Bring the fiery, revitalizing power of fresh ginger root into your daily wellness routine. Our Ginger Tincture is a highly concentrated liquid extract made from premium Zingiber officinale rhizomes. Prized for centuries across traditional global herbalism, ginger is renowned for its ability to spark healthy digestion, diffuse occasional stomach tension, and fill the body with a comforting, vitalizing warmth.

Rich in active, pungent compounds called gingerols and shogaols, this tincture provides immediate, fast-acting support wherever you go. Whether you need a post-meal digestive aid to ease occasional bloating or a reliable travel companion for a bumpy road trip, this pocket-sized extract delivers the pure essence of ginger without the need for brewing tea or peeling roots.

Key Benefits
Optimal Digestive Support: Soothes the digestive tract, encouraging smooth, comfortable digestion and helping to ease occasional gas or bloating.
The Ultimate Travel Companion: Helps maintain stomach comfort and eases occasional nausea or motion uneasiness during flights, boat rides, or road trips.
Stimulates Healthy Circulation: Promotes vital, healthy blood flow and delivers a comforting, warming sensation throughout the body.
Daily Metabolic & Immune Backing: Packed with antioxidant properties that support metabolic vitality and fortify your body's natural defenses.

Pure Ingredients
Organic Ginger (Zingiber officinale) rhizome
Organic Cane Alcohol (extraction agent)

Suggested Use
For Post-Meal Comfort: Take 1 dropperful (approx. 30 drops) in a small glass of warm water or tea after heavy meals, up to 3 times daily.
For Travel & Motion Support: Take 1 dropperful 30 minutes before boarding or embarking on travel.
Shake well before use. Store in a cool, dark place.

Regulatory Note: These statements have not been evaluated by the Food and Drug Administration. This product is not intended to diagnose, treat, cure, or prevent any disease. Consult your healthcare provider before use if you are pregnant, nursing, taking medications (especially blood thinners), or have a history of gallstones.",https://herbalisticwellness.com/products/CUUMI6U6AMBAXBSD4YQ35IWF,https://items-images-production.s3.us-west-2.amazonaws.com/files/3bc668e53847b815681d6952fd1293e2f8481480/original.jpeg,,in_stock,18.00 USD,Herbalistic Wellness,new,1oz
3081425,Ashwagandha,"Ashwagandha - The Ultimate Adaptogen for Stress & Vitality
Discover the power of Ashwagandha (Withania somnifera), a revered herb in Ayurveda known for its ability to combat stress, enhance energy, and support overall well-being. This potent adaptogen helps the body balance cortisol levels, promoting calmness, focus, and endurance. Ashwagandha also aids in immune support, hormonal balance, and restful sleep. Perfect for those seeking natural stress relief and vitality.

? Key Benefits:

?? Supports stress reduction & relaxation

?? Enhances energy & mental clarity

?? Promotes healthy sleep cycles

Shop Now & Stay Rooted in Wellness! ??",https://herbalisticwellness.com/products/62O5HN4E35U7XCDV3APTFRUW,https://items-images-production.s3.us-west-2.amazonaws.com/files/3fb405ea8f9d1413bf16602c80ef635af230fc83/original.jpeg,,in_stock,13.00 USD,Herbalistic Wellness,new,
2399773,Garlic Tincture,"Harness the natural power of Allium sativum with our high-potency Garlic Tincture. Expertly crafted to provide concentrated liquid immune and cardiovascular support, our formula bypasses the harsh taste of raw garlic while ensuring rapid absorption. Just a few drops a day delivers standard-setting, pure herbal defense.

Capture the time-tested health benefits of garlic without the prep work or the intense odor. Our Garlic Tincture is a meticulously prepared liquid extract designed for optimal bioavailability (how easily your body absorbs nutrients), allowing your system to immediately utilize garlic?s primary active compound, allicin.
Why Choose a Liquid Garlic Extract?
Unlike standard pills or tablets that require time to break down in your digestive tract, a liquid tincture enters your system quickly. Our extraction process preserves the delicate sulfur compounds responsible for garlic's legendary wellness properties, giving you a potent supplement that works efficiently.
Key Wellness Benefits
Robust Immune System Support: Packed with natural antioxidants, regular use helps strengthen your body?s natural seasonal defenses.
Cardiovascular & Heart Health: Assists in maintaining healthy circulation and supporting blood pressure levels already within a normal range.
Pure & Potent: Made from organically grown garlic bulbs, free from artificial fillers, binders, or synthetic preservatives.
Use & Ingredients
How to Take: Shake well before use. Take 15?30 drops (approximately 1 full dropper) 1 to 3 times daily in a small amount of water or juice, or as directed by a healthcare professional.
Ingredients: Organic Garlic Bulb (Allium sativum), 100% Grain Alcohol",https://herbalisticwellness.com/products/65VKL2M37SYAM43KNDMX6KGS,https://items-images-production.s3.us-west-2.amazonaws.com/files/7972218322fdae1942c126f10bf485a99a270b75/original.jpeg,,in_stock,22.00 USD,Herbalistic Wellness,new,1 oz
M101288,Testing,,https://herbalisticwellness.com/products/J4P2VO3TFVNQDEBQ7DNK3PCE,https://items-images-production.s3.us-west-2.amazonaws.com/files/3d8d6fa2495478aa97bf266f73a9f57980c35e4e/original.png,,out_of_stock,1.16 USD,Herbalistic Wellness,new,
9636973,Eucalyptus Mint Ritual Duo,"Your complete cool-down ritual in one box.
The Eucalyptus Mint Ritual Duo pairs our 8 oz Eucalyptus Mint Bath Scrub with our 8 oz Eucalyptus Mint Body Butter. Crisp eucalyptus and bright mint wake up the senses and leave skin feeling refreshed, smooth, and lightly scented. Buff first with the scrub, then seal it all in with the butter.
Small-batch and hand-poured into glass — never plastic — because a true apothecary honors the earth as much as the skin. This is boutique, ritual-grade care, priced for the experience it delivers.
For external use. Patch test before first use.",https://herbalisticwellness.com/products/RKN7ZLMAVCPYJJ234MOKTKIV,https://items-images-production.s3.us-west-2.amazonaws.com/files/6187dcef00af5f1be6678cf3ee8f457b5b4107ce/original.jpeg,,in_stock,47.00 USD,Herbalistic Wellness,new,
D315275,Sour Sop Leaf,Premium wildcrafted dried soursop leaves. Steep in 85°C water for 3–5 minutes for a soothing herbal tea.,https://herbalisticwellness.com/products/ZYLB5JTH2ZSVNRSZB7S62PFB,,,out_of_stock,21.00 USD,Herbalistic Wellness,new,Size: 1.5 oz
