id,title,description,link,image_link,image_status,availability,price,brand,condition,google_product_category,retail_msrp,tier1_wholesale_55pct,tier2_volume_50pct,white_label_80pct,min_order_qty,title_note,square_image_1,square_image_2,square_image_3,square_image_4,square_image_5
ARL_1OZ,Organic Dried Arnica Flowers | Whole Arnica Montana Blossoms for Botanical Infusions,"Ethically harvested and certified organic whole Arnica montana flowers. Celebrated for centuries in traditional European herbal crafting and botanical formulation, arnica blossoms are prized for creating rich, golden solar-infused oils. Ideal for infusing into carrier oils like jojoba, olive, or sunflower to craft handmade botanical balms, salves, and massage oils. For external topical use only; do not apply to broken skin.",https://herbalisticwellness.com/products/arnica-flower-dried-organic,https://items-images-production.s3.us-west-2.amazonaws.com/files/10cc85356f8076b0c95b44b058fc8555e3e01b5f/original.png,live-site image (newest published set),in_stock,12.00 USD,Herbalistic Wellness,new,"Food, Beverages & Tobacco > Beverages > Tea",$12.00,$6.60,$6.00,$9.60,12,aligned to live retail title,https://items-images-production-f.squarecdn.com/files/10cc85356f8076b0c95b44b058fc8555e3e01b5f/original.png,https://items-images-production-f.squarecdn.com/files/8ba4e271897473bcd63071b7203469bdec2fd1f8/original.png,https://items-images-production-f.squarecdn.com/files/42a1005926412766b8410d193b67703c0a65e996/original.png,https://items-images-production-f.squarecdn.com/files/94a8d2d37837c8c9364842dc6bb18bd3d21eafd5/original.jpeg,https://items-images-production-f.squarecdn.com/files/7292866877c0a07d3f3ce7122fa814f6ef46901e/original.jpeg
ARN_OIL_1OZ,Organic Arnica Infused Botanical Body Oil | Small-Batch Solar Maceration,"Our Arnica Oil is small-batch slow-macerated for six weeks using whole organic Arnica montana blossoms submerged in cold-pressed extra virgin olive and golden jojoba oils. Infused with organic vitamin E and pure Roman chamomile essential oil, this fast-absorbing formulation provides a silky, luxurious glide for massage and daily skin hydration. Massage gently into target areas 2-3 times daily. External use only.",https://herbalisticwellness.com/products/arnica-oil,https://items-images-production.s3.us-west-2.amazonaws.com/files/8a1d395c02c3d90de218e6b1559adcc1b9c9d16e/original.png,live-site image (newest published set),in_stock,22.00 USD,Herbalistic Wellness,new,Health & Beauty > Health Care > Alternative Medicine,$22.00,$12.10,$11.00,$17.60,12,aligned to live retail title,https://items-images-production-f.squarecdn.com/files/8a1d395c02c3d90de218e6b1559adcc1b9c9d16e/original.png,https://items-images-production-f.squarecdn.com/files/c48c633361a57e2b44af9e74e5afbead95ebdd73/original.png,https://items-images-production-f.squarecdn.com/files/990e2fb4cf679697db603cca33eb370905098a3c/original.png,https://items-images-production-f.squarecdn.com/files/c5af264af572d6e7ede090e93a7f3493f8d48148/original.png,https://items-images-production-f.squarecdn.com/files/300b342bfd8fcc29c982762735b61383b5f8092c/original.png
BUR_ROOT_2OZ,Organic Burdock Root | Cut & Sifted Arctium Lappa Root for Herbal Teas & Infusions,"Organic Burdock Root (Arctium lappa) is an essential foundational alterative herb in traditional Western herbalism and botanical crafting. Packed with inulin prebiotic fibers, polyphenols, and essential minerals, burdock root offers a rich, earthy flavor profile ideal for grounding herbal decoctions and custom root blends. Prepare as a slow decoction: simmer 1 tablespoon in 2 cups of water for 20 minutes.",https://herbalisticwellness.com/products/burdock-root,https://items-images-production.s3.us-west-2.amazonaws.com/files/c36189d6770b7e303819b0a4cf80a963f112bc2e/original.png,live-site image (newest published set),in_stock,10.00 USD,Herbalistic Wellness,new,"Food, Beverages & Tobacco > Beverages > Tea",$10.00,$5.50,$5.00,$8.00,12,aligned to live retail title,https://items-images-production-f.squarecdn.com/files/c36189d6770b7e303819b0a4cf80a963f112bc2e/original.png,https://items-images-production-f.squarecdn.com/files/3d914597e20d7bca1c271b9470bc89db7bd40d67/original.png,https://items-images-production-f.squarecdn.com/files/f8134bcb3f169a45b9294ba4ae080b2a477e26b0/original.png,https://items-images-production-f.squarecdn.com/files/e8af73f442e2f336a25d8508efff8265d5233130/original.png,
BPF_TEA_1.5,Butterfly Pea Flower | Whole Clitoria Ternatea Blossoms for Color-Changing Blue Tea,"100% pure organic Butterfly Pea Flower (Clitoria ternatea) blossoms, revered across traditional Southeast Asian herbal and culinary traditions. Exceptionally rich in ternary anthocyanins and bioflavonoids, this caffeine-free flower brews into an enchanting royal sapphire hue that magically transforms into rich magenta-violet when citrus or acid is introduced. Delicious iced or warm as a meditative daily tea ritual.",https://herbalisticwellness.com/products/butterfly-pea-flower,https://items-images-production.s3.us-west-2.amazonaws.com/files/fc2201dc393d19b2c85e3e3e8328e42e03da82e3/original.jpeg,live-site image (newest published set),in_stock,15.00 USD,Herbalistic Wellness,new,"Food, Beverages & Tobacco > Beverages > Tea",$15.00,$8.25,$7.50,$12.00,12,aligned to live retail title,https://items-images-production-f.squarecdn.com/files/835455aee9ada8be47b65bb65c2431aa73cf4010/original.png,https://items-images-production-f.squarecdn.com/files/361fa252a1359c9dcdc5664d513bb51c44c42b47/original.jpeg,https://items-images-production-f.squarecdn.com/files/f4b18172d35f86d1dc8dd6f4ce5ed4cca1e1521e/original.png,https://items-images-production-f.squarecdn.com/files/b85e3abe4d1be07b58bab8bb46b9cb0f5d10c42e/original.png,
BPF_TIN_1OZ,Butterfly Pea Flower Tincture,"Handcrafted in small batches, our Butterfly Pea Flower Extract captures the rich aromatic and botanical properties of organic Clitoria ternatea through a precise dual-maceration process in organic cane spirits and mountain spring water. Yields a vibrant blue botanical extract ideal for culinary creations, color-changing beverages, and aromatic blending. Suggested use: Add 1–2 full droppers to sparkling water, teas, or mocktails for a vibrant hue and earthy botanical flavor. 2 fl oz (60ml) amber dropper bottle.",https://herbalisticwellness.com/products/butterfly-pea-flower-tincture,https://items-images-production.s3.us-west-2.amazonaws.com/files/835455aee9ada8be47b65bb65c2431aa73cf4010/original.png,live-site image (newest published set),in_stock,22.00 USD,Herbalistic Wellness,new,Health & Beauty > Health Care > Alternative Medicine,$22.00,$12.10,$11.00,$17.60,12,aligned to live retail title,https://items-images-production-f.squarecdn.com/files/4d44321bbeee7790a03a10edeb7c85b882faa8ce/original.png,https://items-images-production-f.squarecdn.com/files/9c7a767040e5838baec588922bddd7285c6eba92/original.jpeg,https://items-images-production-f.squarecdn.com/files/98b448424f12a374d9a06fe422729b9a9fbf30f9/original.png,https://items-images-production-f.squarecdn.com/files/7dbfa6f0998f4fd7616d9083ead59d20d1ab6886/original.png,https://items-images-production-f.squarecdn.com/files/1db58b64ad62a86a82d44d101d6365648ffc47ce/original.png
BP_MASK_3.4,Butterfly Pea Sea Moss Face Mask,"Spa night, minus the appointment. This cool botanical gel starts with wildcrafted Caribbean Irish sea moss and concentrated butterfly pea flower extract, blended with raw honey and soothing aloe vera. It glides on smooth, sits soft and hydrating, and rinses clean — the kind of mask you reach for when your skin wants a little extra attention. Scoop a thin layer onto clean skin, relax for 15–20 minutes, then rinse thoroughly with lukewarm water. Each jar is 4 oz in glass — plenty for many weekly rituals. For external use only; if your skin is very sensitive, test on a small area first.",https://herbalisticwellness.com/products/butterfly-pea-sea-moss-face-mask,https://items-images-production.s3.us-west-2.amazonaws.com/files/20f3d814f65e359d188550eed13d1ffe7280933f/original.jpeg,live-site image (newest published set),out_of_stock,18.00 USD,Herbalistic Wellness,new,Health & Beauty > Personal Care > Cosmetics > Bath & Body,$18.00,$9.90,$9.00,$14.40,12,aligned to live retail title,,,,,
BUT_PEA_3OZ,"Butterfly Pea, Lavender & Chamomile — Calming Herbal Blend","Three classic calm-garden flowers in one cup. Organic butterfly pea flowers, aromatic French lavender buds (Lavandula angustifolia), and sweet Egyptian chamomile blossoms (Matricaria chamomilla) come together in a balanced, beautiful brew that turns a striking indigo blue. Chamomile and lavender have been sipped before bed for generations, and butterfly pea brings the color and a gentle earthy note. Steep one to two teaspoons covered for 10–15 minutes and enjoy unhurried. Each pouch is 2 oz of loose leaf. Store in a cool, dry place away from light.",https://herbalisticwellness.com/products/butterfly-pea-lavender-chamomile-focus-calming-energy-blend,https://items-images-production.s3.us-west-2.amazonaws.com/files/c85a3c72cb0c21d498a023411512916af498fffc/original.png,mapped from retail (exact ID),in_stock,16.99 USD,Herbalistic Wellness,new,Health & Beauty > Health Care > Alternative Medicine,$16.99,$9.34,$8.50,$13.59,12,aligned to live retail title,https://items-images-production-f.squarecdn.com/files/c85a3c72cb0c21d498a023411512916af498fffc/original.png,https://items-images-production-f.squarecdn.com/files/67a31ebb66fdea283a669acb3883b2171fcba7a6/original.png,https://items-images-production-f.squarecdn.com/files/1ef07f1c5b4407b9c0079fa3e10295f3266f1430/original.png,https://items-images-production-f.squarecdn.com/files/c5103a7dd255ac5f37787100c7cfe5985244b22f/original.png,https://items-images-production-f.squarecdn.com/files/f0d78a7721f94c05ac0535bf534326ed1005386b/original.png
BUT_PEA_REG,"Butterfly Pea, Lavender, & Chamomile Calming Signature Blend","Our signature apothecary blend, built on the classic triad of butterfly pea, French lavender, and whole chamomile flowers, then layered with certified organic lemon balm (Melissa officinalis) and passionflower (Passiflora incarnata) — long-standing favorites of the evening tea garden. The brew is a stunning indigo blue with a soft floral aroma and a mellow, honeyed finish. Steep one to two teaspoons covered for 10–15 minutes, pour, and settle in. Each deluxe pouch is 3 oz of loose leaf. Store in a cool, dry place away from light.",https://herbalisticwellness.com/products/butterfly-pea-lavender-chamomile-calming-signature-blend-herbalistic-wellness,https://items-images-production.s3.us-west-2.amazonaws.com/files/c85a3c72cb0c21d498a023411512916af498fffc/original.png,mapped from retail (exact ID),out_of_stock,9.18 USD,Herbalistic Wellness,new,,$9.18,$5.05,$4.59,$7.34,12,,https://items-images-production-f.squarecdn.com/files/c85a3c72cb0c21d498a023411512916af498fffc/original.png,https://items-images-production-f.squarecdn.com/files/67a31ebb66fdea283a669acb3883b2171fcba7a6/original.png,https://items-images-production-f.squarecdn.com/files/1ef07f1c5b4407b9c0079fa3e10295f3266f1430/original.png,https://items-images-production-f.squarecdn.com/files/c5103a7dd255ac5f37787100c7cfe5985244b22f/original.png,https://items-images-production-f.squarecdn.com/files/f0d78a7721f94c05ac0535bf534326ed1005386b/original.png
CHAM_FL_1.5,Chamomile Dried Flowers,"Hand-harvested organic Egyptian chamomile flowers (Matricaria chamomilla), kept whole so the aroma stays put. Chamomile is the classic evening tea the world over — steep it and you get a golden, honey-like infusion with a gentle floral profile that invites a slower pace. A staple for bedtime tea rituals and a favorite for custom botanical blending. Steep one tablespoon in just-boiled water, covered, for 10 minutes. Each bag is 2 oz of whole blossoms. Store in a cool, dry place away from light.",https://herbalisticwellness.com/products/chamomile-dried-flowers,https://items-images-production.s3.us-west-2.amazonaws.com/files/c8a5b190afb5e014eb18b149288b9d07a6b9ab7f/original.png,live-site image (newest published set),in_stock,14.00 USD,Herbalistic Wellness,new,Health & Beauty > Health Care > Alternative Medicine,$14.00,$7.70,$7.00,$11.20,12,aligned to live retail title,https://items-images-production-f.squarecdn.com/files/c8a5b190afb5e014eb18b149288b9d07a6b9ab7f/original.png,https://items-images-production-f.squarecdn.com/files/b57a74a259aee10fb2b3010f1453b46c3693cd9f/original.png,https://items-images-production-f.squarecdn.com/files/ff34dd4120f9b101a41613a8eec42c67117b73c4/original.jpeg,https://items-images-production-f.squarecdn.com/files/c2ecdeb1f8d86d1387e28c4b09aeace236074153/original.png,https://items-images-production-f.squarecdn.com/files/5b3ed9a1762af2dd1af1df2b21bd7d50b0294e86/original.png
CHAM_TIN_1,Chamomile Tincture,"Our organic chamomile tincture is small-batch extracted at a 1:4 ratio using organic cane spirits and mountain spring water, drawing out the essence of the blossoms into a concentrated liquid. Chamomile is the herb of the evening wind-down — a dropperful under the tongue or in a cup of warm herbal tea has been the traditional way to close out the day for generations. Take 1–2 full droppers under the tongue or in warm herbal tea before sleep. Each bottle is 2 fl oz with a dropper top. Store in a cool, dark place. Keep out of reach of children; if you are pregnant, nursing, or taking medication, check with your healthcare provider before use.",https://herbalisticwellness.com/products/chamomile-tincture,https://items-images-production.s3.us-west-2.amazonaws.com/files/d2f216776de926cd0e9081b89305c8af136c8b60/original.png,live-site image (newest published set),out_of_stock,17.00 USD,Herbalistic Wellness,new,Health & Beauty > Health Care > Alternative Medicine,$17.00,$9.35,$8.50,$13.60,12,aligned to live retail title,https://items-images-production-f.squarecdn.com/files/d2f216776de926cd0e9081b89305c8af136c8b60/original.png,https://items-images-production-f.squarecdn.com/files/4fb93ddf3e7457c53209c097bfaead3fac6ad4f3/original.png,https://items-images-production-f.squarecdn.com/files/b75c8548aaea62aa763ba7de5b2bfd755df1c2e4/original.png,https://items-images-production-f.squarecdn.com/files/8481d05e2f161a7745eeef59b332627ae3bedfef/original.png,https://items-images-production-f.squarecdn.com/files/893b467e326c4acaed92b02ab2cd3a8e1bfb3dc0/original.png
CHI_CALE_REG,"Chickweed, Calendula & Lavender Soothing Cream","Handcrafted for skin that asks for a little extra kindness. We slow-infuse wildcrafted chickweed (Stellaria media), organic calendula blossoms, and French lavender into unrefined shea butter, cold-pressed jojoba, and pure beeswax. The result is a rich, golden cream that melts on contact and leaves skin feeling soft, cushioned, and comforted. Chickweed and calendula are old apothecary favorites for dry, reactive-looking skin, and the lavender keeps it smelling like a proper herbal workshop. Free of artificial fragrance and parabens. Massage a small amount onto clean skin as often as you like. Each jar is 4 oz in amber glass. For external use only; patch-test first if your skin is sensitive.",https://herbalisticwellness.com/products/chickweed-calendula-lavender-ezcema-cream,https://items-images-production.s3.us-west-2.amazonaws.com/files/3f9eaed2f2e71dcd047e3c0dd004ed027dd0cde1/original.png,mapped from retail (exact ID),in_stock,12.84 USD,Herbalistic Wellness,new,,$12.84,$7.06,$6.42,$10.27,12,aligned to live retail title,https://items-images-production-f.squarecdn.com/files/0336b0ab18a5f48211bc793d9c018a0eb7f114ff/original.png,https://items-images-production-f.squarecdn.com/files/cf05759880f71333945dbcffc645eedccbcb9f36/original.png,https://items-images-production-f.squarecdn.com/files/18f960e009dc04001fff1968640db69454a7dc86/original.png,https://items-images-production-f.squarecdn.com/files/959a4ce36d3227c42846aec5c891b8e5300a29c1/original.png,https://items-images-production-f.squarecdn.com/files/a4964580cecdd768e78bfb4d231ad8f9b0a70b1d/original.png
CHI_PREM_REG,Chickweed Premium Organic Herb,"Chickweed (Stellaria media) is the little green herb of old cottage gardens, prized by folk herbalists as a cooling, gentle plant for everyday apothecary making. This certified organic cut-and-sifted herb steeps into a mild, green infusion and is a favorite for DIY infused oils for homemade body-care crafting — cover with your oil of choice, rest on a sunny windowsill for a few weeks, strain, and bottle. Steep one to two teaspoons in just-boiled water, covered, for 10–15 minutes for a light cup. Each bag is 1.5 oz cut and sifted. Store in a cool, dry place away from light.",https://herbalisticwellness.com/products/chickweed-premium-organic-herb,https://items-images-production.s3.us-west-2.amazonaws.com/files/3f9eaed2f2e71dcd047e3c0dd004ed027dd0cde1/original.png,mapped from retail (exact ID),in_stock,7.31 USD,Herbalistic Wellness,new,Health & Beauty > Health Care > Alternative Medicine,$7.31,$4.02,$3.66,$5.85,12,,https://items-images-production-f.squarecdn.com/files/3f9eaed2f2e71dcd047e3c0dd004ed027dd0cde1/original.png,https://items-images-production-f.squarecdn.com/files/9830b246113c9bf305d5bd54044a02139688218a/original.png,https://items-images-production-f.squarecdn.com/files/6ebb3d91eeba7315e43f360a0eb0605fda5499b5/original.png,,
COM_OIL_1OZ,Comfrey Oil — Solar-Infused Herbal Massage Oil,"Known as 'knitbone' in the old herbals, comfrey has been a folk favorite of gardeners, makers, and hands-on people for centuries. We solar-macerate organic comfrey leaves and roots (Symphytum officinale) in cold-pressed carrier oils until the oil turns deep and green. It's thick, slow to absorb, and made for long, attentive massage on shoulders, legs, feet — anywhere that works hard. A true apothecary bodywork oil. For external use only, on unbroken skin.",https://herbalisticwellness.com/products/comfrey-oil,https://items-images-production.s3.us-west-2.amazonaws.com/files/3620a51090a12a8f59861db22ca35e1838d28d02/original.png,mapped from retail (exact ID),in_stock,12.91 USD,Herbalistic Wellness,new,Health & Beauty > Health Care > Alternative Medicine,$12.91,$7.10,$6.46,$10.33,12,aligned to live retail title,https://items-images-production-f.squarecdn.com/files/3620a51090a12a8f59861db22ca35e1838d28d02/original.png,https://items-images-production-f.squarecdn.com/files/a6f16c3e8794cd145b88cd30fde4a78d0b89d89b/original.png,https://items-images-production-f.squarecdn.com/files/66de1d7c38353928a12dad0d319125aa5a8c93fc/original.png,https://items-images-production-f.squarecdn.com/files/61c4f31f35d7e9236316f14ff15e385e9e1c1f14/original.png,https://items-images-production-f.squarecdn.com/files/8ac95e4ad703707ceac2e6eaa340c9d4d55773d0/original.png
COM_ROOT_REG,Comfrey Root,ON HOLD — this row appears to be a duplicate of row 16 (Comfrey Oil). See decision note; no copy proposed until LaToya confirms.,https://herbalisticwellness.com/products/comfrey-root,https://items-images-production.s3.us-west-2.amazonaws.com/files/da3871f0c78f5a406b577d90c3f5b6efdca8c55d/original.png,mapped from retail (exact ID),out_of_stock,9.51 USD,Herbalistic Wellness,new,Health & Beauty > Health Care > Alternative Medicine,$9.51,$5.23,$4.76,$7.61,12,,https://items-images-production-f.squarecdn.com/files/da3871f0c78f5a406b577d90c3f5b6efdca8c55d/original.png,https://items-images-production-f.squarecdn.com/files/eac91b6267c27c53d96e6ac15dc7f8bd9d093d7c/original.png,https://items-images-production-f.squarecdn.com/files/42fb283048c614eb7b6528d6dd1a6c9b35800bc6/original.png,https://items-images-production-f.squarecdn.com/files/e604a6fe1808721257b9327fee75dce921a1b4eb/original.png,https://items-images-production-f.squarecdn.com/files/3a3d47a6616c55f4c2bbd7b6a5984276285ed131/original.png
DAN_ROOT_2OZ,Dandelion Root — Organic Roasted or Raw,"Before coffee, there was dandelion. Our certified organic dandelion root (Taraxacum officinale) comes two ways: deep-roasted for a dark, toasty, coffee-like brew, or raw cut-and-sifted for a classic bitter tea. Folk herbalists have reached for dandelion as the quintessential bitters herb for generations — steep it strong, sip it slow, and enjoy the honest, earthy flavor. To brew, simmer one tablespoon in two cups of water for ten minutes, strain, and pour. Store in a cool, dry place.",https://herbalisticwellness.com/products/dandelion-root,https://items-images-production.s3.us-west-2.amazonaws.com/files/8fa6acb8df9b19575f64665a7477332b37daee61/original.png,live-site image (newest published set),in_stock,9.18 USD,Herbalistic Wellness,new,Health & Beauty > Health Care > Alternative Medicine,$9.18,$5.05,$4.59,$7.34,12,aligned to live retail title,https://items-images-production-f.squarecdn.com/files/8fa6acb8df9b19575f64665a7477332b37daee61/original.png,https://items-images-production-f.squarecdn.com/files/847392670bf8e0cc6dd0cadcff9135bd4eb083c3/original.png,https://items-images-production-f.squarecdn.com/files/4b66a767cded3babaee2bd1964486140699b2c7a/original.png,https://items-images-production-f.squarecdn.com/files/46e6237502c21b8df9427e0af51c18b578c1642e/original.png,https://items-images-production-f.squarecdn.com/files/f80a817c57a128b6fe65944648a8d1f65b832b73/original.png
ECH_PUR,Echinacea Purpurea — Organic Cut & Sifted Herb,"The purple coneflower, from root to bloom. This certified organic Echinacea purpurea brings together whole aerial flowers, leaves, and roots — the full plant, cut and sifted for a rich, satisfying brew. Herbalists have kept echinacea in the autumn pantry for generations; it steeps into an earthy, faintly tingly cup with a soft floral finish. Steep one tablespoon in just-boiled water, covered, for ten to fifteen minutes. A cozy kettle ritual for crisp-weather evenings. Store in a cool, dry place away from light.",https://herbalisticwellness.com/products/echinacea-purpurea,https://items-images-production.s3.us-west-2.amazonaws.com/files/416d091c538d3a8dfbe0caef8c07366c7715f604/original.png,live-site image (newest published set),in_stock,10.00 USD,Herbalistic Wellness,new,Health & Beauty > Health Care > Alternative Medicine,$10.00,$5.50,$5.00,$8.00,12,aligned to live retail title,https://items-images-production-f.squarecdn.com/files/416d091c538d3a8dfbe0caef8c07366c7715f604/original.png,https://items-images-production-f.squarecdn.com/files/778a0406b20dee12e726a7ab6c14548de8ac4a36/original.png,https://items-images-production-f.squarecdn.com/files/6f28176db529cd9b815b2802cbe0b78873d66409/original.png,https://items-images-production-f.squarecdn.com/files/0a96e0482f8d598f17857471575c57906f92f323/original.png,https://items-images-production-f.squarecdn.com/files/8a15ad3fe99bae1d5ae232c5eaba0455184d2d3f/original.png
ECH_TIN,Echinacea Tincture,"From root to bloom, in one bottle. We dual-extract organic Echinacea purpurea — roots and flowers — in 50% organic cane spirits for a full, character-rich tincture. You'll notice echinacea's famous tongue-tingling sensation, the telltale sign of a fresh, well-made extract. Add 30–40 drops to a little water and take up to 3–4 times daily as part of your seasonal wellness ritual. Shake well before use; store in a cool, dark place. Consult your healthcare provider if you are pregnant, nursing, or taking medication.",https://herbalisticwellness.com/products/echinacea-tincture-cold-flu-tincture,https://items-images-production.s3.us-west-2.amazonaws.com/files/efdd39c49aa99ddce78bef1bf869856876f18bc9/original.png,live-site image (newest published set),in_stock,18.00 USD,Herbalistic Wellness,new,Health & Beauty > Health Care > Alternative Medicine,$18.00,$9.90,$9.00,$14.40,12,aligned to live retail title,https://items-images-production-f.squarecdn.com/files/efdd39c49aa99ddce78bef1bf869856876f18bc9/original.png,https://items-images-production-f.squarecdn.com/files/d07fdd4b6230b9a61ea7407306cb81eacda64666/original.png,https://items-images-production-f.squarecdn.com/files/067965e54549e823f89be4dccfe896fd83ad967d/original.png,https://items-images-production-f.squarecdn.com/files/8784190eebbe68fa02a20d6c35bb5eab4c81a196/original.png,
ELD_BER,Elderberry — Organic Dried Berries,"The winter pantry staple. These premium organic European black elderberries (Sambucus nigra) are deep purple-black, plump, and ready for your stovetop. Simmer a cup of berries with water, cloves, ginger, and a spoonful of raw honey, then strain for a rich, jewel-toned homemade syrup the whole family looks forward to — or steep a spoonful into tea for a tart, wine-dark cup. A cozy kitchen project for crisp-weather weekends. Store in a cool, dry place.",https://herbalisticwellness.com/products/elderberry,https://items-images-production.s3.us-west-2.amazonaws.com/files/23fab8c11916b38bb615e87c4fbd7b61968d92a6/original.jpeg,live-site image (newest published set),in_stock,10.00 USD,Herbalistic Wellness,new,,$10.00,$5.50,$5.00,$8.00,12,aligned to live retail title,https://items-images-production-f.squarecdn.com/files/23fab8c11916b38bb615e87c4fbd7b61968d92a6/original.jpeg,,,,
EUC_SCRUB,Eucalyptus Mint Bath Scrub,"Turn your shower into a steam spa. Dead Sea salts and creamy organic shea butter meet cold-pressed jojoba, crushed eucalyptus leaves, and pure peppermint oil in this brisk, wake-you-up scrub. Massage onto damp skin in slow circles, breathe in the cool green steam, and rinse to reveal smooth, polished, freshly-awake skin. Keep the jar dry between uses. For external use only; if your skin is sensitive, test on a small area first.",https://herbalisticwellness.com/products/eucalyptus-mint-bath-scrub,https://items-images-production.s3.us-west-2.amazonaws.com/files/d4ed16cb002b7f911df6cf954e6e3c320c531ed1/original.jpeg,live-site image (newest published set),in_stock,25.00 USD,Herbalistic Wellness,new,Health & Beauty > Personal Care > Cosmetics > Bath & Body,$25.00,$13.75,$12.50,$20.00,12,aligned to live retail title,https://items-images-production-f.squarecdn.com/files/d4ed16cb002b7f911df6cf954e6e3c320c531ed1/original.jpeg,https://items-images-production-f.squarecdn.com/files/d5e349b8f32823a41bb2237488e6e3a769a65392/original.jpeg,https://items-images-production-f.squarecdn.com/files/8aaa8f8c81687ef7efc6fa8608991e236a9d82b8/original.jpeg,https://items-images-production-f.squarecdn.com/files/8a13f7c96c51eae11a1a083eca3b5393b05f807f/original.jpeg,
EUC_BUTTER,Eucalyptus Mint Body Butter,"Cool, creamy, and cloud-light. Organic raw shea and mango butter are whipped with sweet almond oil into a fluffy butter that melts on contact, then lifted with eucalyptus and peppermint for that fresh, cool tingle. It sinks in fast with no greasy residue — your skin just feels deeply moisturized and wide awake. Scoop a little, warm it between your palms, and smooth it over arms, legs, and anywhere that wants a fresh start. For external use only; keep away from eyes and broken skin.",https://herbalisticwellness.com/products/eucalyptus-mint-body-butter,https://items-images-production.s3.us-west-2.amazonaws.com/files/3a469d67af3b0c919b933906c60319f5edbd772d/original.jpeg,live-site image (newest published set),in_stock,27.00 USD,Herbalistic Wellness,new,Health & Beauty > Personal Care > Cosmetics > Bath & Body,$27.00,$14.85,$13.50,$21.60,12,aligned to live retail title,https://items-images-production-f.squarecdn.com/files/3a469d67af3b0c919b933906c60319f5edbd772d/original.jpeg,,,,
FRANK_BUTTER,Frankincense & Myrrh Body Butter,"An heirloom recipe for modern skin. Wildcrafted Royal Hojari frankincense and Somali myrrh — the sacred resins of ancient apothecaries — are slow-infused into unrefined Grade A shea butter, golden jojoba, and babassu oil, then whipped into a cloud-soft butter. It's rich, enveloping, and carries a warm amber-resin scent that lingers softly. Smooth over dry skin after your bath and feel it melt into deep, velvety moisture. For external use only; if your skin is sensitive, patch-test first.",https://herbalisticwellness.com/products/frankincense-myrrh-body-butter,https://items-images-production.s3.us-west-2.amazonaws.com/files/77faf489360a0bd694039b4dc32d7fc7409c2ae3/original.jpeg,live-site image (newest published set),in_stock,27.00 USD,Herbalistic Wellness,new,Health & Beauty > Personal Care > Cosmetics > Bath & Body,$27.00,$14.85,$13.50,$21.60,12,aligned to live retail title,https://items-images-production-f.squarecdn.com/files/77faf489360a0bd694039b4dc32d7fc7409c2ae3/original.jpeg,,,,
FRA_AND_REG,Frankincense and Myrrh Bath Salt Scrub,"The slow-down scrub. Mineral-dense pink Himalayan salt and Epsom salts are blended with frankincense and myrrh essential oils and botanical oils. Scoop a handful onto damp skin and massage in slow circles to gently buff away dull, rough patches, then rinse — the oils leave skin feeling soft and supple, wrapped in a meditative, ancient-wood-and-resin scent. Made for quiet evening baths. Comes in an 8 oz (227g) glass jar. For external use only; keep the jar dry between uses and use caution on wet tub surfaces.",https://herbalisticwellness.com/products/frankincense-and-myrrh-bath-salt-scrub,https://items-images-production.s3.us-west-2.amazonaws.com/files/1daf754c4656c042e40bea86e35c2abb8b8e1931/original.jpeg,mapped from retail (exact ID),out_of_stock,25.00 USD,Herbalistic Wellness,new,Health & Beauty > Personal Care > Cosmetics > Bath & Body,$25.00,$13.75,$12.50,$20.00,12,,https://items-images-production-f.squarecdn.com/files/1daf754c4656c042e40bea86e35c2abb8b8e1931/original.jpeg,,,,
GIN_GRAP_BUTTER,Ginger & Grapefruit Body Butter,"Sunshine in a jar, with a little spice. Raw whipped shea and kokum butters are blended with cold-pressed ginger root oil and pink grapefruit peel oil for a warming citrus-spice scent that wakes up your senses. It glides on smooth, drinks in fast, and leaves skin feeling supple, soft, and lightly perfumed — the morning-person body butter. Massage into damp skin after showering, morning or night. Comes in a 4 oz or 8 oz whipped glass jar. For external use only; patch-test first if your skin is sensitive, and keep away from eyes.",https://herbalisticwellness.com/products/ginger-grapefruit-body-butter,https://www.herbalisticwellness.com/assets/images/products/ginger-grapefruit-body-butter.jpg,mapped from retail (exact title match),in_stock,27.00 USD,Herbalistic Wellness,new,Health & Beauty > Personal Care > Cosmetics > Bath & Body,$27.00,$14.85,$13.50,$21.60,12,aligned to live retail title | ID was shared: GIN_GRAP_REG -> GIN_GRAP_BUTTER | title+image matched to correct retail row,https://items-images-production-f.squarecdn.com/files/cd016250e77f58ce1acfc1e78544477fca058c76/original.jpeg,,,,
GIN_GRAP_SCRUB,Ginger & Grapefruit Peel Powder Bath Scrub,"The wake-up scrub. Micronized organic grapefruit peel powder and real ginger root extract are blended with pure sea salt crystals in nourishing plant oils. Massage onto damp skin in the shower — the salt buffs away dry, rough texture while the ginger-and-grapefruit scent gives you that fresh, invigorated feeling. Rinse and follow with body butter for the full ritual. Comes in an 8 oz (227g) glass jar. For external use only; use caution on wet tub surfaces, and skip broken skin.",https://herbalisticwellness.com/products/ginger-grapefruit-peel-powder-bath-scrub,https://items-images-production.s3.us-west-2.amazonaws.com/files/f3ae306ce5142fd577e8306d37164962675efc84/original.jpeg,mapped from retail (exact title match),in_stock,25.00 USD,Herbalistic Wellness,new,Health & Beauty > Personal Care > Cosmetics > Bath & Body,$25.00,$13.75,$12.50,$20.00,12,ID was shared: GIN_GRAP_REG -> GIN_GRAP_SCRUB | title+image matched to correct retail row,https://items-images-production-f.squarecdn.com/files/f3ae306ce5142fd577e8306d37164962675efc84/original.jpeg,,,,
GOTU_KOLA,Gotu Kola,"An old-soul herb for the apothecary shelf. Certified organic gotu kola (Centella asiatica) — long used in Ayurvedic tradition as a rasayana, or rejuvenative herb — is cut and sifted for your blends. It steeps into a mild, leafy, faintly sweet cup that plays well in custom tea blends alongside lemon balm, tulsi, or mint. Steep one teaspoon in just-boiled water, covered, for five to ten minutes. Store in a cool, dry place away from light. Comes in a 2 oz (56g) cut-and-sifted package.",https://herbalisticwellness.com/products/gotu-kola,https://items-images-production.s3.us-west-2.amazonaws.com/files/230b2001a3df2bdc48f81f31b296b50112bdb007/original.jpeg,mapped from retail (exact ID),out_of_stock,14.00 USD,Herbalistic Wellness,new,,$14.00,$7.70,$7.00,$11.20,12,aligned to live retail title,https://items-images-production-f.squarecdn.com/files/230b2001a3df2bdc48f81f31b296b50112bdb007/original.jpeg,,,,
HAR_SPIC_REG,Harvest Spice — Limited Edition Seasonal Body Butter,"Autumn, whipped into a jar. Raw shea butter is folded with the essential oils of Ceylon cinnamon, sweet orange, and clove bud plus rich Madagascar vanilla — the whole jar smells like the best candle you ever owned, except you get to wear it. It wraps skin in soft, velvety hydration for the cold-weather months. Massage into damp skin after showering and let the cozy scent carry you through the season. Available for the season only in 4 oz or 8 oz jars. For external use only; patch-test first if your skin is sensitive.",https://herbalisticwellness.com/products/harvest-spice-limited-edition-seasonal-harvest-butter,https://items-images-production.s3.us-west-2.amazonaws.com/files/056134f5cf3f376144a59ae5b835ca22b03566e2/original.jpeg,live-site image (newest published set),out_of_stock,11.55 USD,Herbalistic Wellness,new,Health & Beauty > Personal Care > Cosmetics > Bath & Body,$11.55,$6.35,$5.78,$9.24,12,aligned to live retail title,,,,,
JOURNAL_BLK,Herbal Remedies Journal - Black Edition,"A keeper for your herbal journey. This beautifully bound hardcover journal holds 160 pages of specialized sections: materia medica monographs, menstruum extraction math, client consultation notes, harvest logs, and space for your own proprietary tea blend recipes. It is the kind of notebook that earns its place on the apothecary shelf — and a natural companion for students of The Formulator's Collective.",https://herbalisticwellness.com/products/herbal-remedies-journal-black-edition,https://items-images-production.s3.us-west-2.amazonaws.com/files/8155ee70a20800948493dd9fa9ace82ab8f59c7c/original.png,mapped from retail (exact ID),in_stock,20.00 USD,Herbalistic Wellness,new,Health & Beauty > Health Care > Alternative Medicine,$20.00,$11.00,$10.00,$16.00,12,,https://items-images-production-f.squarecdn.com/files/8155ee70a20800948493dd9fa9ace82ab8f59c7c/original.png,,,,
HER_REME_BRN,Herbal Remedies Journal - Brown Edition,"A keeper for your herbal journey. This beautifully bound hardcover journal holds 160 pages of specialized sections: materia medica monographs, menstruum extraction math, client consultation notes, harvest logs, and space for your own proprietary tea blend recipes. It is the kind of notebook that earns its place on the apothecary shelf — and a natural companion for students of The Formulator's Collective.",https://herbalisticwellness.com/products/herbal-remedies-journal-brown-edition,https://items-images-production.s3.us-west-2.amazonaws.com/files/44f4987c83e2a1001bb76574351876e629319892/original.png,mapped from retail (exact title match),in_stock,20.00 USD,Herbalistic Wellness,new,Health & Beauty > Health Care > Alternative Medicine,$20.00,$11.00,$10.00,$16.00,12,aligned to live retail title | ID was shared: HER_REME_REG -> HER_REME_BRN | title+image matched to correct retail row,https://items-images-production-f.squarecdn.com/files/44f4987c83e2a1001bb76574351876e629319892/original.png,,,,
HER_REME_PUR,Herbal Remedies Journal - Purple Edition,"A beautifully bound botanical ledger for your herbal journey. Inside you'll find guided sections for materia medica monographs, extraction ratios and blending math (menstruum), client consultation notes, harvest logs, and your own proprietary tea blend recipes. A sturdy, purple-covered companion for students of The Formulator's Collective — or any herbalist who wants every recipe kept in one place.",https://herbalisticwellness.com/products/herbal-remedies-journal-purple-edition,https://items-images-production.s3.us-west-2.amazonaws.com/files/44f4987c83e2a1001bb76574351876e629319892/original.png,mapped from retail (exact title match),in_stock,20.00 USD,Herbalistic Wellness,new,Health & Beauty > Health Care > Alternative Medicine,$20.00,$11.00,$10.00,$16.00,12,ID was shared: HER_REME_REG -> HER_REME_PUR | title+image matched to correct retail row,,,,,
HER_AYUR_REG,Herbie Ayurvedic Sleep Infusion,"Our master Ayurvedic bedtime blend. Organic ashwagandha root, whole chamomile flowers, valerian root, lavender buds, and ground nutmeg — the classic herbs of the nighttime cup, long treasured in Ayurvedic tradition. It brews a warm, honeyed, faintly sweet cup with a soft floral finish. About an hour before bed, brew a strong cup, dim the lights, and let the steaming ritual tell your body the day is done. Steep one tablespoon in just-boiled water, covered, for ten to fifteen minutes. Caffeine-free. Store in a cool, dry place away from light.",https://herbalisticwellness.com/products/herbie-ayurvedic-sleep-infusion,https://items-images-production.s3.us-west-2.amazonaws.com/files/e70208283b39fc3891c33edfeb0b9465f3dc15b1/original.png,mapped from retail (exact ID),in_stock,15.00 USD,Herbalistic Wellness,new,"Food, Beverages & Tobacco > Beverages > Tea",$15.00,$8.25,$7.50,$12.00,12,,https://items-images-production-f.squarecdn.com/files/e70208283b39fc3891c33edfeb0b9465f3dc15b1/original.png,,,,
HER_DETO_23OZ,Herbie Detox Blend,"The spring-cleaning cup. Burdock root, dandelion root, red clover, cleavers, and ginger — the classic 'alterative' herbs that folk herbalists have brewed for generations when they wanted a reset. It steeps into a deep, earthy cup with a bright ginger lift — not sweet, not fussy, the kind of tea that tastes like a clean slate. Steep one tablespoon in just-boiled water, covered, for ten to fifteen minutes. Lovely as a morning ritual or a seasonal reset week. Store in a cool, dry place away from light.",https://herbalisticwellness.com/products/herbie-detox-blend,https://items-images-production.s3.us-west-2.amazonaws.com/files/38a92453aaf8909612b1c5f6f0fd62fe8e9ac047/original.jpeg,mapped from retail (exact ID),out_of_stock,8.50 USD,Herbalistic Wellness,new,"Food, Beverages & Tobacco > Beverages > Tea",$8.50,$4.68,$4.25,$6.80,12,aligned to live retail title,,,,,
HIB_LEAF_1OZ,Hibiscus Leaf,"The ruby-red showstopper. Certified organic hibiscus calyces and leaves (Hibiscus sabdariffa) — bold, tart, and cranberry-bright, steeping into that unmistakable crimson color. Long loved in herbal traditions from the Caribbean to the Middle East for its vivid flavor. Delicious as a hot cup, and downright glorious over ice with a squeeze of lime in summer. Steep one tablespoon in just-boiled water for ten minutes; for iced tea, brew double-strength and pour over ice. Store in a cool, dry place away from light.",https://herbalisticwellness.com/products/hibiscus-leaf,https://items-images-production.s3.us-west-2.amazonaws.com/files/d7c0a689002a961d223e0adf527f51e15f4abef2/original.png,mapped from retail (exact ID),in_stock,12.00 USD,Herbalistic Wellness,new,Health & Beauty > Health Care > Alternative Medicine,$12.00,$6.60,$6.00,$9.60,12,aligned to live retail title,https://items-images-production-f.squarecdn.com/files/d7c0a689002a961d223e0adf527f51e15f4abef2/original.png,,,,
LAV_BUTTER,Lavender Body Butter,"Pure relaxation in a jar. Organic raw shea butter whipped with golden jojoba, cold-pressed sweet almond oil, and pure French lavender (Lavandula angustifolia) essential oil. It melts on contact and sinks in slow, leaving skin feeling velvety-soft and wrapped in lavender's familiar calming scent. Massage into arms, legs, and feet before bed as your wind-down ritual. For external use only; if your skin is very sensitive, test on a small area first.",https://herbalisticwellness.com/products/lavender-body-butter,https://items-images-production.s3.us-west-2.amazonaws.com/files/d9d5700edaaa49b60d4e99e26efec7b215dfbb77/original.jpeg,live-site image (newest published set),in_stock,27.00 USD,Herbalistic Wellness,new,Health & Beauty > Personal Care > Cosmetics > Bath & Body,$27.00,$14.85,$13.50,$21.60,12,aligned to live retail title,https://items-images-production-f.squarecdn.com/files/d9d5700edaaa49b60d4e99e26efec7b215dfbb77/original.jpeg,,,,
LAV_BODY_8OZ,Lavender Body Scrub — Calming Bath & Shower Polish,"The evening wind-down, in a jar. Dead Sea and Epsom salt crystals folded with crushed organic lavender flowers and vitamin E-rich sweet almond oil. Massage onto damp skin in slow circles, feel the salts polish away the day's dryness, then rinse to reveal soft, silky skin wrapped in lavender's familiar calming scent. Keep the jar dry between uses. For external use only; if your skin is very sensitive, test on a small area first.",https://herbalisticwellness.com/products/lavender-body-scrub-calming-bath-scrub-anxiety-calming-bath-scrub-herbal-infused-ezcema-bath-scrub,https://items-images-production.s3.us-west-2.amazonaws.com/files/68f0d98587a56909de3244f87ddb286ddd1f0caa/original.jpeg,live-site image (newest published set),in_stock,25.00 USD,Herbalistic Wellness,new,Health & Beauty > Personal Care > Cosmetics > Bath & Body,$25.00,$13.75,$12.50,$20.00,12,aligned to live retail title,https://items-images-production-f.squarecdn.com/files/68f0d98587a56909de3244f87ddb286ddd1f0caa/original.jpeg,https://items-images-production-f.squarecdn.com/files/7924a033b93be4b0872c425e4878516363648b01/original.jpeg,,,
LAV_FLW,Lavender Flowers,"Super-blue organic French lavender blossoms (Lavandula angustifolia) — exceptionally fragrant, the extra-grade stuff. Steep into teas, tuck into bath infusions, or stitch into little dream pillows and drawer sachets; a few spoonfuls also perfume homemade sugar, shortbread, and infused skincare oils. Steep one teaspoon per cup of just-boiled water, covered, for five to ten minutes. Store in a cool, dry place away from light to keep the scent bright.",https://herbalisticwellness.com/products/lavender-flowers,https://items-images-production.s3.us-west-2.amazonaws.com/files/bbfbddc40b252f0892a5e8b1470b063009a9d71c/original.jpeg,live-site image (newest published set),in_stock,14.00 USD,Herbalistic Wellness,new,Health & Beauty > Health Care > Alternative Medicine,$14.00,$7.70,$7.00,$11.20,12,aligned to live retail title,https://items-images-production-f.squarecdn.com/files/bbfbddc40b252f0892a5e8b1470b063009a9d71c/original.jpeg,https://items-images-production-f.squarecdn.com/files/90b6e8c2d33bba4fdb1ae95b936577364e41b70f/original.jpeg,https://items-images-production-f.squarecdn.com/files/3856473e8bc9d95bde85bcdaad6582cad49b3e6a/original.jpeg,,
LAV_MILK_REG,Lavender Milk & Honey Bath Soak,"The Cleopatra treatment, minus the palace. Organic coconut milk powder, micronized colloidal oatmeal, pure honey powder, Epsom salts, and French lavender oil swirl into bathwater and turn it silky, milky, and fragrant. Pour a generous scoop under warm running water, sink in, and stay a while — this is the long-soak, candles-lit, phone-in-another-room kind of bath. Rinse lightly after, pat dry, and follow with your favorite body oil. For external use only. If your skin is easily irritated, patch-test first.",https://herbalisticwellness.com/products/lavender-milk-honey-bath-soak-milk-bath-milk-bath-powder-herbal-infused-bath-ezcema-psoriasis-sensitive-skin-soak,https://items-images-production.s3.us-west-2.amazonaws.com/files/43840ab6940d39850bd7b19e0242bcb4fde39eb0/original.jpeg,mapped from retail (exact ID),out_of_stock,12.16 USD,Herbalistic Wellness,new,Health & Beauty > Personal Care > Cosmetics > Bath & Body,$12.16,$6.69,$6.08,$9.73,12,aligned to live retail title,,,,,
LAV_SOAP,Lavender Oatmeal Artisan Soap,"The gentle one. This small-batch, cold-processed bar starts with saponified extra virgin olive, coconut, and castor oils, then gets finely ground colloidal oats for the softest micro-exfoliation and pure French lavender essential oil for that classic calming scent. The lather is creamy and mild — the kind of everyday bar that leaves skin feeling comfortable, not tight. Each 4.5 oz bar is cured for a long-lasting, hard bar. For external use only; if your skin is sensitive, test on a small area first.",https://herbalisticwellness.com/products/lavender-oatmeal-artisan-soap,https://items-images-production.s3.us-west-2.amazonaws.com/files/3eb9b53fa248026a9a4466025fa9da7c6cffb425/original.jpeg,live-site image (newest published set),out_of_stock,6.00 USD,Herbalistic Wellness,new,Health & Beauty > Personal Care > Cosmetics > Bath & Body,$6.00,$3.30,$3.00,$4.80,12,aligned to live retail title,https://items-images-production-f.squarecdn.com/files/3eb9b53fa248026a9a4466025fa9da7c6cffb425/original.jpeg,https://items-images-production-f.squarecdn.com/files/09c58296dc871e6ce9d733eb50d4f965cbcfb6be/original.jpeg,,,
LEM_LEAF_5OZ,Lemongrass Leaf,"A cup of pure sunshine. Organic lemongrass leaf steeps into a bright, citrusy brew with a clean, refreshing finish — delicious hot on a chilly morning or poured over ice with a squeeze of lemon on warm afternoons. It brews a lively golden cup with a soft herbal sweetness and that unmistakable fresh-cut-citrus aroma. Steep one teaspoon per cup of just-boiled water, covered, for five to seven minutes. Store in a cool, dry place away from light.",https://herbalisticwellness.com/products/lemongrass-leaf,https://items-images-production.s3.us-west-2.amazonaws.com/files/d5652e3326f6310fc1338d1ade9ab397a8bd6a38/original.jpeg,live-site image (newest published set),in_stock,2.99 USD,Herbalistic Wellness,new,Health & Beauty > Health Care > Alternative Medicine,$2.99,$1.64,$1.50,$2.39,12,aligned to live retail title,https://items-images-production-f.squarecdn.com/files/d5652e3326f6310fc1338d1ade9ab397a8bd6a38/original.jpeg,https://items-images-production-f.squarecdn.com/files/13843a69e662acf5cbad4907a35a7a25f1387fc3/original.jpeg,,,
MAC_ROOT_25OZ,Maca Root Powder — Organic,"From the high mountain valleys of the Peruvian Andes comes maca, a hardy root crop grown there for centuries and treasured as a traditional food. Our certified organic yellow and black maca root is stone-ground into a fine, golden powder with a warm, malty, butterscotch-like flavor. Stir a spoonful into smoothies, oatmeal, or your morning coffee — it's an easy, tasty way to start the day. Store sealed in a cool, dry place.",https://herbalisticwellness.com/products/maca-root-powdered,https://items-images-production.s3.us-west-2.amazonaws.com/files/e9726514fbb1bf4a4caf05ec35bfec06521c2749/original.jpeg,mapped from retail (exact ID),out_of_stock,13.00 USD,Herbalistic Wellness,new,Health & Beauty > Health Care > Alternative Medicine,$13.00,$7.15,$6.50,$10.40,12,aligned to live retail title,https://items-images-production-f.squarecdn.com/files/e9726514fbb1bf4a4caf05ec35bfec06521c2749/original.jpeg,https://items-images-production-f.squarecdn.com/files/c42614d9371dc85cbae4cb8ba7b18c4caad12c92/original.jpeg,https://items-images-production-f.squarecdn.com/files/ebf4c2ff168c6104b1ddb6a2f454b180635c800d/original.jpeg,,
MARSH_ROOT,Marshmallow Root,"The apothecary's gentle giant. Organic marshmallow root is a classic demulcent herb — steeped long in cold water it gives a smooth, silky, softly sweet infusion with a naturally soothing mouthfeel. Folk herbalists have reached for it for generations, and it blends beautifully with mint, chamomile, or licorice root. For the silkiest cup, do a cold-water infusion: stir one tablespoon into a quart of cool water, cover, and rest in the fridge overnight, then strain. Store in a cool, dry place away from light.",https://herbalisticwellness.com/products/marshmallow-root,https://items-images-production.s3.us-west-2.amazonaws.com/files/5894bc95392025440b14d61d63249d65d1fa7d4b/original.jpeg,mapped from retail (exact ID),in_stock,12.00 USD,Herbalistic Wellness,new,Health & Beauty > Health Care > Alternative Medicine,$12.00,$6.60,$6.00,$9.60,12,aligned to live retail title,https://items-images-production-f.squarecdn.com/files/5894bc95392025440b14d61d63249d65d1fa7d4b/original.jpeg,https://items-images-production-f.squarecdn.com/files/fdc26c4ee808bc6dc7962f1c9bfd079b283985c2/original.jpeg,https://items-images-production-f.squarecdn.com/files/5b225320ad3598e1ae32be9e39008f8ad8d8a132/original.jpeg,https://items-images-production-f.squarecdn.com/files/bb4fbddb74816d742afeeafcba6b283f4ebba2a6/original.jpeg,https://items-images-production-f.squarecdn.com/files/bf61a329261346f6ea4a13a2e3124f7f95ef61ff/original.jpeg
MUL_LEAF,Mullein Leaf,"An old cottage-garden favorite. Organic mullein leaf (Verbascum thapsus) brews into a mild, mellow, slightly sweet cup — gentle and easy-drinking, with a soft herbal character. Herbalists have kept it in the pantry for generations, and it pairs nicely with mint, lemon, and honey. Steep one teaspoon per cup of just-boiled water, covered, for ten to fifteen minutes, and strain well through a fine mesh or cloth (the fine leaf hairs are part of the plant, not grit). Store in a cool, dry place away from light.",https://herbalisticwellness.com/products/mullein-leaf,https://items-images-production.s3.us-west-2.amazonaws.com/files/acdc6f6a8e9b5cdf1c0b1aaf259625ecbcfc6131/original.jpeg,live-site image (newest published set),in_stock,13.00 USD,Herbalistic Wellness,new,Health & Beauty > Health Care > Alternative Medicine,$13.00,$7.15,$6.50,$10.40,12,aligned to live retail title,https://items-images-production-f.squarecdn.com/files/acdc6f6a8e9b5cdf1c0b1aaf259625ecbcfc6131/original.jpeg,https://items-images-production-f.squarecdn.com/files/e9de58cf09fb4a56e3a72190f054ed1e94529890/original.jpeg,https://items-images-production-f.squarecdn.com/files/cecdbe68eaec1d1c887fb4103d5b46b599477bbd/original.jpeg,https://items-images-production-f.squarecdn.com/files/c25056cd63a914a8d58bc088fa4930749cb0c4e5/original.jpeg,https://items-images-production-f.squarecdn.com/files/1c503d31c0f7231d330f282b241ea28d4767e63f/original.jpeg
MUL_OIL,Mullein Flower Oil — Solar-Infused,"Made the slow, old-fashioned way. Fresh organic mullein blossoms and organic garlic are gently infused in pure olive oil under the summer sun, then strained and bottled in small batches. It's a golden, fragrant oil from a folk recipe that home herbalists have passed down for generations. Warm a small amount between your palms and massage gently around the outer ear and along the jawline — the warmth and the slow massage are the whole ritual. For external use only. If you have ear concerns, talk with your healthcare provider first.",https://herbalisticwellness.com/products/mullein-oil,https://items-images-production.s3.us-west-2.amazonaws.com/files/47bf530207388c17b694d97a966bd7886f17ca7c/original.jpeg,mapped from retail (exact ID),in_stock,18.00 USD,Herbalistic Wellness,new,Health & Beauty > Health Care > Alternative Medicine,$18.00,$9.90,$9.00,$14.40,12,aligned to live retail title,https://items-images-production-f.squarecdn.com/files/47bf530207388c17b694d97a966bd7886f17ca7c/original.jpeg,https://items-images-production-f.squarecdn.com/files/ed2e54de2c38b49a9ff2d49b7afb01e8d2e4eff8/original.jpeg,https://items-images-production-f.squarecdn.com/files/1d003c894ca456850b770add03b0b4c7248bbeb6/original.jpeg,https://items-images-production-f.squarecdn.com/files/720a1e0c96e9051b09a1bc79fd6f6fd02257ed4c/original.jpeg,https://items-images-production-f.squarecdn.com/files/01f76bf97fcf8e714c0de505689733bd4502d3d5/original.jpeg
NEE_LEAF_REG,Neem Leaf,"Not for the faint of tongue. Organic neem leaf is one of Ayurveda's most famous herbs — intensely bitter, cooling, and bold. Traditional herbalists have brewed it as a strong tea for centuries, often in small amounts blended with milder herbs like mint or tulsi to balance its bite. If you love the character of a serious, no-nonsense herbal cup, this is it. Steep one teaspoon per cup of just-boiled water, covered, for five to seven minutes. Start with a light hand — the bitterness is the point. Store in a cool, dry place away from light.",https://herbalisticwellness.com/products/neem-leaf,https://items-images-production.s3.us-west-2.amazonaws.com/files/c24a51265c0828378b01c3b656c62a5300db3cf6/original.jpeg,mapped from retail (exact ID),in_stock,9.00 USD,Herbalistic Wellness,new,Health & Beauty > Health Care > Alternative Medicine,$9.00,$4.95,$4.50,$7.20,12,,https://items-images-production-f.squarecdn.com/files/c24a51265c0828378b01c3b656c62a5300db3cf6/original.jpeg,https://items-images-production-f.squarecdn.com/files/563adb34b7c01be9a77fff2e4d972169fb3dbcb4/original.jpeg,https://items-images-production-f.squarecdn.com/files/f9b8c7d200bef141b5835a264552468c09cab9e4/original.jpeg,https://items-images-production-f.squarecdn.com/files/4a79f1e0fe6584b27d354a24be56cac8a3f04386/original.png,
NERV_SALVE,Muscle & Joint Comfort Salve,"Some evenings your body asks for a little extra attention. This salve starts with arnica, comfrey, St. John's wort, and cayenne, slow-infused in oil under the sun, then folded into unrefined beeswax and organic shea with natural magnesium and a lift of wintergreen. It glides on warm, melts in slow, and carries that classic herbal-apothecary scent. Scoop a small amount, massage into shoulders, knees, hands, or feet with long slow strokes, and let the ritual do the talking. For external use only. Patch-test first if your skin is sensitive, and keep away from eyes and broken skin.",https://herbalisticwellness.com/products/nerve-joint-muscle-pain-relief-salve,https://items-images-production.s3.us-west-2.amazonaws.com/files/465e79ff3186c3b8392e6996a08a2e5edeb6c42c/original.png,live-site image (newest published set),in_stock,10.00 USD,Herbalistic Wellness,new,,$10.00,$5.50,$5.00,$8.00,12,aligned to live retail title,https://items-images-production-f.squarecdn.com/files/465e79ff3186c3b8392e6996a08a2e5edeb6c42c/original.png,https://items-images-production-f.squarecdn.com/files/dd575bcfd3498135c401b05d6c41fa0fb0e144e8/original.png,https://items-images-production-f.squarecdn.com/files/1356840f15264c44aa3348aa38f16de46032a7f44/original.png,https://items-images-production-f.squarecdn.com/files/0b7d3a8a275c01a660e2f2719ebcb6e3688137da/original.jpeg,https://items-images-production-f.squarecdn.com/files/3ada7b23f9fb4f3ce178178e90079ff699fcf661/original.png
OAT_HON_SOAP,Oatmeal & Honey Artisan Soap,"Simple soap, done right. This unscented cold-processed bar blends raw wildflower honey — a natural humectant — with soothing colloidal oatmeal, saponified olive and avocado oils. The lather is creamy and mild, and it rinses clean without that tight, stripped feeling. It's the everyday bar for people who like their soap unfussy: no fragrance, no extras, just a soft, comforting wash. Each 4.5 oz bar is hand-poured and cured for a long-lasting, hard bar. For external use only; if your skin is easily irritated, test on a small area first.",https://herbalisticwellness.com/products/oatmeal-honey-artisan-soap,https://items-images-production.s3.us-west-2.amazonaws.com/files/7035efe49e9decf45067f6c97dc06b034221d54f/original.jpeg,live-site image (newest published set),out_of_stock,8.00 USD,Herbalistic Wellness,new,Health & Beauty > Personal Care > Cosmetics > Bath & Body,$8.00,$4.40,$4.00,$6.40,12,aligned to live retail title,https://items-images-production-f.squarecdn.com/files/7035efe49e9decf45067f6c97dc06b034221d54f/original.jpeg,https://items-images-production-f.squarecdn.com/files/2d88ab388aa2c740d0bbf95e505963b5232be873/original.jpeg,https://items-images-production-f.squarecdn.com/files/183d578924157131b7f6d5480afa2a1b674128a1/original.jpeg,https://items-images-production-f.squarecdn.com/files/a7066dd31d2a30f4f648aa969ceeaf93c4768657/original.jpeg,https://items-images-production-f.squarecdn.com/files/99a2f097f275943bc77ab9218eef0999d511e0ad/original.jpeg
ORG_CAL_SOAP,Orange & Calendula Artisan Soap,"A little sunshine in the shower. This hand-poured bar blends cold-pressed olive and coconut oils with solar-infused calendula oil, dried whole calendula blossoms, and pure sweet orange oil. The lather is creamy and bright with a happy citrus scent, and the petals give each bar its own golden, garden-fresh look. A great pick-me-up for slow mornings or anytime you want your shower to feel like a treat. Each 4.5 oz bar is cold-processed and cured for a long-lasting, hard bar. For external use only; if your skin is sensitive, test on a small area first.",https://herbalisticwellness.com/products/orange-calendula-artisan-soap-all-natural-soap-herbal-infused-soap,https://items-images-production.s3.us-west-2.amazonaws.com/files/a1e59e00fd50d2a3693eeb4885af7918d122ac91/original.jpeg,live-site image (newest published set),out_of_stock,6.00 USD,Herbalistic Wellness,new,Health & Beauty > Personal Care > Cosmetics > Bath & Body,$6.00,$3.30,$3.00,$4.80,12,aligned to live retail title,https://items-images-production-f.squarecdn.com/files/a1e59e00fd50d2a3693eeb4885af7918d122ac91/original.jpeg,https://items-images-production-f.squarecdn.com/files/fae067c2568426a86586072ea7fe81e356b533ae/original.jpeg,https://items-images-production-f.squarecdn.com/files/df6d127ef5afcb919c442fd1275e2527890fbbd4/original.jpeg,,
ORE_GRAP_REG,Oregon Grape Root Premium Organic Cut and Sifted Dried Herb,"The bitter roots traditional herbalists reach for. Oregon grape root (Mahonia aquifolium) is a native North American root known for its deep golden color and strong, earthy bitterness — the signature of a berberine-rich botanical. Bitter roots have a long folk tradition in after-meal teas and springtime brews; it steeps into a bold, woodsy cup with a satisfying bitter finish, the way bitter roots are meant to be. Steep one teaspoon in just-boiled water, covered, for ten to fifteen minutes. Fair warning: it is boldly bitter — blend with gentler herbs if you like. Store in a cool, dry place away from light.",https://herbalisticwellness.com/products/oregon-grape-root-premium-organic-cut-and-sifted-dried-herb,https://items-images-production.s3.us-west-2.amazonaws.com/files/a28a0a2a87f207fbd790366c1a461d575208cd34/original.jpeg,mapped from retail (exact ID),in_stock,12.00 USD,Herbalistic Wellness,new,Health & Beauty > Health Care > Alternative Medicine,$12.00,$6.60,$6.00,$9.60,12,,https://items-images-production-f.squarecdn.com/files/a28a0a2a87f207fbd790366c1a461d575208cd34/original.jpeg,https://items-images-production-f.squarecdn.com/files/a35c58d22e68405ea0064725b2d445db3c7ef87a/original.jpeg,https://items-images-production-f.squarecdn.com/files/8c54e9d5b3a0f65806b052e7455b477ff72882c5/original.jpeg,https://items-images-production-f.squarecdn.com/files/dcfcb01e37eb1b6d70c765c81de255faf4445d87/original.jpeg,https://items-images-production-f.squarecdn.com/files/c1365bff421bdceb33458e09ff4035abe8db3455/original.jpeg
PEACH_BUTTER,Peach Mango Body Butter,"Indulge in tropical moisture. Whipped organic shea butter, mango seed butter, and golden jojoba, infused with natural peach and mango extracts. It melts on contact and sinks in smooth, leaving skin soft, velvety, and deliciously scented with a mouthwatering tropical aroma. Scoop a small amount and massage into damp or dry skin after bathing — the everyday tropical-luxury ritual. Available in 4 oz and 8 oz whipped glass jars. For external use only; patch-test first if your skin is sensitive.",https://herbalisticwellness.com/products/peach-mango-body-butter-body-cream-body-lotion-moisturizer-scrub,https://items-images-production.s3.us-west-2.amazonaws.com/files/182e825ec862d929ab63ed03654bf00b8c357050/original.jpeg,mapped from retail (exact ID),in_stock,27.00 USD,Herbalistic Wellness,new,Health & Beauty > Personal Care > Cosmetics > Bath & Body,$27.00,$14.85,$13.50,$21.60,12,aligned to live retail title,https://items-images-production-f.squarecdn.com/files/182e825ec862d929ab63ed03654bf00b8c357050/original.jpeg,https://items-images-production-f.squarecdn.com/files/f8409688a4d6fb15b0184ea1f52795a2b19beb4b/original.jpeg,https://items-images-production-f.squarecdn.com/files/6faa14404a4e8169df9b6422d5dfe77a276ab63d/original.jpeg,https://items-images-production-f.squarecdn.com/files/53974af60867a41a47b0e0eca86a3e59d042a77e/original.jpeg,
PEA_MANG_4OZ,Peach Mango Artisan Soap | All Natural | Vegan | Handcrafted | Moisturizing Bar Soap - 4oz,"Handcrafted cold-processed artisan soap bar that lathers into rich, creamy bubbles. Formulated with organic shea butter, cold-pressed olive oil, and natural fruit botanicals. Leaves skin clean, refreshed, and deliciously scented. Each 4.5 oz bar is cold-processed and cured for a long-lasting, hard bar. For external use only.",https://herbalisticwellness.com/products/peach-mango-artisan-soap-all-natural-vegan-handcrafted-moisturizing-bar-soap,https://items-images-production.s3.us-west-2.amazonaws.com/files/a518c2c8bbf0f53d61afccc6095f89f698033c99/original.jpeg,live-site image (newest published set),in_stock,6.00 USD,Herbalistic Wellness,new,Health & Beauty > Personal Care > Cosmetics > Bath & Body,$6.00,$3.30,$3.00,$4.80,12,,https://items-images-production-f.squarecdn.com/files/a518c2c8bbf0f53d61afccc6095f89f698033c99/original.jpeg,https://items-images-production-f.squarecdn.com/files/801c5b427916bb6adc4fcd414a659570899cd54b/original.jpeg,https://items-images-production-f.squarecdn.com/files/8557bd8ee6e7d97684cbcb590757f81db29d7c73/original.jpeg,https://items-images-production-f.squarecdn.com/files/accc2413f6b1f4cd64532d6941420c4f6a9fb4d6/original.jpeg,
PEA_MANG_REG,Peach Mango Bath Salt Scrub,"Polishes away dry, dull surface skin with gentle sea salt crystals while rich mango butter and peach seed oil leave the body feeling baby-soft, deeply moisturized, and glowing. Massage onto damp skin in slow circles, then rinse — the tropical spa-night ritual in an 8 oz glass jar. Keep the jar dry between uses. For external use only; test on a small area first if your skin is sensitive.",https://herbalisticwellness.com/products/peach-mango-bath-salt-scrub-exfoliator-moisturizer,https://items-images-production.s3.us-west-2.amazonaws.com/files/d5e834b81399b0221de0ae4e3cd046713d226de1/original.jpeg,live-site image (newest published set),in_stock,25.00 USD,Herbalistic Wellness,new,Health & Beauty > Personal Care > Cosmetics > Bath & Body,$25.00,$13.75,$12.50,$20.00,12,aligned to live retail title,https://items-images-production-f.squarecdn.com/files/d5e834b81399b0221de0ae4e3cd046713d226de1/original.jpeg,,,,
PEP_HEMP,Peppermint Hemp Seed Oil,"Tingly in the best way. Unrefined cold-pressed hemp seed oil — naturally rich in omega-3 and omega-6 fatty acids — is infused with pure steam-distilled peppermint essential oil for a brisk, cooling sensation that wakes up the senses. Warm a few drops between your palms and massage into the back of the neck, shoulders, or tired feet after a long day. The peppermint lift and silky finish make it a favorite for evening wind-down rituals. Peppermint oil is strong — a little goes a long way, so keep it away from eyes and broken skin. For external use only; patch-test first if your skin is sensitive.",https://herbalisticwellness.com/products/peppermint-hemp-seed-oil,https://items-images-production.s3.us-west-2.amazonaws.com/files/da00cb4ab2b6c51ae5cbc501384d4753def82e8e/original.jpeg,mapped from retail (exact ID),in_stock,19.00 USD,Herbalistic Wellness,new,Health & Beauty > Health Care > Alternative Medicine,$19.00,$10.45,$9.50,$15.20,12,aligned to live retail title,https://items-images-production-f.squarecdn.com/files/da00cb4ab2b6c51ae5cbc501384d4753def82e8e/original.jpeg,https://items-images-production-f.squarecdn.com/files/7e06a4e6699a8b8f0b03d5d41069c7865620f868/original.jpeg,https://items-images-production-f.squarecdn.com/files/b1e82feb0b93baf85a2a5d48d61f75baebe279a2/original.jpeg,https://items-images-production-f.squarecdn.com/files/7b63c202f12e9fa9cd59c35a2eb064edfcf62b70/original.jpeg,https://items-images-production-f.squarecdn.com/files/17f5c65d4158894b5c06c68cc3189108541b0cb1/original.jpeg
PEP_LEAF,Peppermint Leaf Organic Premium Loose Herb,"The classic cool-down cup. These certified organic whole peppermint leaves (Mentha piperita) are packed with cooling menthol — you can smell it the moment you open the bag. Folk herbalists have brewed peppermint after meals for centuries; it steeps into a bright, clean, bracing cup with a sweet finish. Steep one teaspoon per cup of just-boiled water, covered, for five to seven minutes. Lovely hot, or iced with a squeeze of lemon on warm afternoons. Store in a cool, dry place away from light.",https://herbalisticwellness.com/products/peppermint-leaf-organic-premium-loose-herb,https://items-images-production.s3.us-west-2.amazonaws.com/files/533afc9cfb6d8c3ab6f6041f60fc05895142df42/original.jpeg,live-site image (newest published set),in_stock,13.00 USD,Herbalistic Wellness,new,Health & Beauty > Health Care > Alternative Medicine,$13.00,$7.15,$6.50,$10.40,12,aligned to live retail title,https://items-images-production-f.squarecdn.com/files/533afc9cfb6d8c3ab6f6041f60fc05895142df42/original.jpeg,https://items-images-production-f.squarecdn.com/files/fba89319b60092e4800cb7e4e9a70839423baf9e/original.jpeg,https://items-images-production-f.squarecdn.com/files/c3585249cfd0e307001e4ff23141b75ca33059c7/original.jpeg,https://items-images-production-f.squarecdn.com/files/6d72a0cb4867d2a72085a2a0615b7a48fdca4f32/original.jpeg,
RED_RASP_REG,Red Raspberry Leaf,"One of the best-loved leaves in women's folk herbalism. Red raspberry leaf (Rubus idaeus) has been steeped as a daily nourishing tea by women for generations — prized for its rich mineral profile, including iron, calcium, and tannins — and it brews into a smooth, mild, gently grassy cup that takes honey beautifully. Steep one teaspoon per cup of just-boiled water, covered, for five to ten minutes. A grounding daily-cup ritual. Store in a cool, dry place away from light.",https://herbalisticwellness.com/products/red-raspberry-leaf,https://items-images-production.s3.us-west-2.amazonaws.com/files/331a8a832b9677b11655ee48416f84c794c1b14a/original.jpeg,mapped from retail (exact ID),in_stock,11.00 USD,Herbalistic Wellness,new,Health & Beauty > Health Care > Alternative Medicine,$11.00,$6.05,$5.50,$8.80,12,,https://items-images-production-f.squarecdn.com/files/331a8a832b9677b11655ee48416f84c794c1b14a/original.jpeg,https://items-images-production-f.squarecdn.com/files/284af5ad51c0014aa7134515d1ef9dfa6805c9dd/original.jpeg,https://items-images-production-f.squarecdn.com/files/df41ee2475d7e65170ad279fb852070fd3ad2500/original.jpeg,https://items-images-production-f.squarecdn.com/files/26416b321276c882ea22945079932385b9e6c0cc/original.jpeg,
ROS_LEMO_4OZ,Rosemary Lemon & Poppyseed Artisan Soap,"A revitalizing kitchen and bath soap bar. Saponified olive, coconut, and castor oils blended with real blue poppyseeds for invigorating exfoliation and essential oils of rosemary and lemon for a fresh, clean scent. A hardworking bar for hands that cook, garden, and get things done. Each 4.5 oz bar is cold-processed and cured for a long-lasting, hard bar. For external use only; if your skin is sensitive, test on a small area first.",https://herbalisticwellness.com/products/rosemary-lemon-poppyseed-all-natural-soap,https://www.herbalisticwellness.com/assets/images/products/rosemary-lemon-poppyseed-artisan-soap.jpg,live-site image (newest published set),out_of_stock,6.00 USD,Herbalistic Wellness,new,Health & Beauty > Personal Care > Cosmetics > Bath & Body,$6.00,$3.30,$3.00,$4.80,12,aligned to live retail title,,,,,
ROSE_HAIR,Rosemary Peppermint Scalp & Hair Oil,"Good hair days start at the scalp. Organic rosemary and peppermint — the classic herbal hair-care pair — are infused into black castor oil, jojoba, and horsetail, long treasured in traditional hair rinses. Warm a few drops between your palms, work into the scalp with firm fingertip massage, and let it sit twenty minutes or overnight before shampooing out. Expect a fresh, tingly rosemary-peppermint lift and hair that looks glossy and feels soft. For external use only; avoid the eye area.",https://herbalisticwellness.com/products/rosemary-peppermint-hair-growth-serum,https://items-images-production.s3.us-west-2.amazonaws.com/files/bdf27e51edf0291fb47cb08701a9b418f438e309/original.png,live-site image (newest published set),in_stock,19.00 USD,Herbalistic Wellness,new,Health & Beauty > Health Care > Alternative Medicine,$19.00,$10.45,$9.50,$15.20,12,aligned to live retail title,https://items-images-production-f.squarecdn.com/files/bdf27e51edf0291fb47cb08701a9b418f438e309/original.png,https://items-images-production-f.squarecdn.com/files/4dfd92ead4138d967354bcb7328e642a7e376cde/original.png,https://items-images-production-f.squarecdn.com/files/b8d0ff61a7c14a79978586bdd198b28f4d0c7591/original.png,https://items-images-production-f.squarecdn.com/files/c48cb2bd308ccfff9f9280fef25e57dd6c121baf/original.png,https://items-images-production-f.squarecdn.com/files/bac49d0d41f04551a688b5b1cfb5cc35b81ba215/original.png
SAG_LEAF_REG,Sage Leaf,"The wise old herb of the garden. These certified organic sage leaves (Salvia officinalis) are cut and sifted for an easy, full-bodied brew — savory, earthy, and slightly peppery, with that unmistakable sage aroma. Steep one teaspoon per cup of just-boiled water, covered, for eight to ten minutes for a bold, grounding cup that pairs beautifully with meals. Also lovely blended with rosemary, thyme, or lemon peel for custom kitchen teas. Sizes: 1.5 oz (42g), cut & sifted. Store in a cool, dry place away from light.",https://herbalisticwellness.com/products/sage-leaf,https://items-images-production.s3.us-west-2.amazonaws.com/files/888ba4f6945e4fe8198203006f1e4f072e359c81/original.jpeg,mapped from retail (exact ID),in_stock,9.00 USD,Herbalistic Wellness,new,Health & Beauty > Health Care > Alternative Medicine,$9.00,$4.95,$4.50,$7.20,12,,https://items-images-production-f.squarecdn.com/files/888ba4f6945e4fe8198203006f1e4f072e359c81/original.jpeg,https://items-images-production-f.squarecdn.com/files/5b4bfdad10c768d3bedd1445f8d872747e96d08d/original.jpeg,https://items-images-production-f.squarecdn.com/files/966830f2a683008cadb04c39fb43a6f606940040/original.jpeg,https://items-images-production-f.squarecdn.com/files/34544ef0a66391adf3d1306910574bf3bea428d0/original.jpeg,https://items-images-production-f.squarecdn.com/files/3a5e1e906291d803f9649a6ffb0f17de89f3df69/original.jpeg
SEA_MOSS_REG,Sea Moss Gel DIY Kit Wildcrafted,"Make your own sea moss gel, start to finish. This kit starts with ethically ocean-harvested Caribbean gold sea moss (Eucheuma cottonii), sun-dried whole — plus complete step-by-step instructions for washing, soaking with key limes, and blending into smooth, fresh gel. One bag makes 4+ jars of gel you can spoon into smoothies and teas, or whisk into homemade facial masks and hair treatments. There is nothing like fresh gel you made yourself. Kit includes: 8 oz raw dried gold sea moss + full instruction card. Rinse well before use; refrigerate your finished gel and use within 2–3 weeks.",https://herbalisticwellness.com/products/sea-moss-gel-diy-kit-wildcrafted,,MISSING — needs new product photo (retail also placeholder),out_of_stock,16.99 USD,Herbalistic Wellness,new,Health & Beauty > Health Care > Alternative Medicine,$16.99,$9.34,$8.50,$13.59,12,,,,,,
SOU_AFRI_2OZ,South African Rooibos,"The red bush tea South Africa is famous for. This certified organic rooibos (Aspalathus linearis) steeps into a naturally sweet, full-bodied cup with warm honey and vanilla notes — and zero caffeine, so it works as an all-day tea or a cozy evening ritual. Steep one to two teaspoons per cup of just-boiled water for five to seven minutes. Lovely plain, with a splash of milk and honey, or iced with lemon on warm days. Sizes: 2 oz (56g) loose leaf. Store in a cool, dry place away from light.",https://herbalisticwellness.com/products/south-african-rooibos,https://items-images-production.s3.us-west-2.amazonaws.com/files/30a4827626a9a18cfac977930c2603f88f9d8cd9/original.jpeg,live-site image (newest published set),in_stock,10.00 USD,Herbalistic Wellness,new,,$10.00,$5.50,$5.00,$8.00,12,aligned to live retail title,https://items-images-production-f.squarecdn.com/files/30a4827626a9a18cfac977930c2603f88f9d8cd9/original.jpeg,https://items-images-production-f.squarecdn.com/files/c6ffc9a1c770e09a145434c60c1452932361a0d2/original.jpeg,https://items-images-production-f.squarecdn.com/files/921c4241600d31e61bd1cba0aba31cdc4cb10859/original.jpeg,https://items-images-production-f.squarecdn.com/files/649a7783c00e5f13bf7e45a883cf15dc8878f469/original.jpeg,
SPE_LEAF_5OZ,Spearmint Leaf — Organic Loose Herb,"The gentle mint. Certified organic spearmint leaf (Mentha spicata) is sweeter and softer than its peppermint cousin — cool, fresh, and easy to love on its own or in blends. Steep one teaspoon per cup of just-boiled water, covered, for five to seven minutes for a smooth, refreshing cup that is kind after meals. A favorite for blending with green tea, lemon balm, or chamomile. Sizes: 1.5 oz (42g), cut & sifted. Store in a cool, dry place away from light.",https://herbalisticwellness.com/products/spearmint-leaf-loose-organic-premium-herb,https://items-images-production.s3.us-west-2.amazonaws.com/files/5266d90e4d3147c945554aed6394355b41b56a57/original.jpeg,live-site image (newest published set),out_of_stock,14.00 USD,Herbalistic Wellness,new,Health & Beauty > Health Care > Alternative Medicine,$14.00,$7.70,$7.00,$11.20,12,aligned to live retail title,https://items-images-production-f.squarecdn.com/files/5266d90e4d3147c945554aed6394355b41b56a57/original.jpeg,https://items-images-production-f.squarecdn.com/files/e36cc0e870904353977513701e0f9af348e3ce05/original.jpeg,https://items-images-production-f.squarecdn.com/files/07b71590b6e39c94c00adfdc0bddf136ad2d7db2/original.jpeg,https://items-images-production-f.squarecdn.com/files/b54156725f8b3edfa0caa4918c0f5a158e58ed7f/original.jpeg,
ST_JOHNS_OIL,St. John's Wort Body Oil — Solar-Infused Massage Oil,"Forty days under the summer sun. That's what it takes for fresh St. John's wort blossoms to turn cold-pressed olive oil this deep, unmistakable ruby red. The result is a silky, slow-absorbing body oil with a soft herbal scent — pour a little into warm palms and massage into shoulders, legs, or anywhere that wants attention. This is the oil for slow evenings and unhurried hands. For external use only. Note: St. John's wort can make skin more sun-sensitive, so enjoy your massage indoors or in the shade and give skin time before sunbathing.",https://herbalisticwellness.com/products/st-john-s-body-oil-massage-oil-sunburn-oil-rubbing-oil,https://items-images-production.s3.us-west-2.amazonaws.com/files/f629a9d470a4f79a46e049c8fe8757ceeb2b6603/original.png,live-site image (newest published set),in_stock,25.00 USD,Herbalistic Wellness,new,Health & Beauty > Health Care > Alternative Medicine,$25.00,$13.75,$12.50,$20.00,12,aligned to live retail title,https://items-images-production-f.squarecdn.com/files/f629a9d470a4f79a46e049c8fe8757ceeb2b6603/original.png,https://items-images-production-f.squarecdn.com/files/567408e10519687c91ff27e54d9d49afc0b4e90c/original.png,https://items-images-production-f.squarecdn.com/files/902c4ecd1ba63e279c03ffc6702897c150965701/original.png,https://items-images-production-f.squarecdn.com/files/89f14d0eb05a03ccd13c646530848fc5f7641a88/original.png,https://items-images-production-f.squarecdn.com/files/5f23fddd866b509796f965ea87642e04e486e36a/original.png
ST_JOHN_2OZ,St. John's Wort — Organic Dried Herb,"Harvested at midsummer when the golden blossoms are at their peak, these certified organic St. John's wort flowering tops (Hypericum perforatum) are cut and sifted for your apothecary shelf. Folk herbalists have steeped this sunny herb in teas and tinctures for generations, and it's a favorite for DIY infused oils — cover with your oil of choice, rest on a sunny windowsill for four to six weeks, strain, and bottle your own ruby-red oil. Steep one teaspoon per cup of just-boiled water, covered, for ten minutes. Store in a cool, dry place away from light.",https://herbalisticwellness.com/products/st-johns-wort-dried-mood-regulating-herb-herbal-healing-diy-herbal-infusions,https://www.herbalisticwellness.com/assets/images/products/st-johns-wort-dried-mood-regulating-herb-herbal-healing-diy-herbal-infusions.jpg,live-site image (newest published set),in_stock,13.00 USD,Herbalistic Wellness,new,Health & Beauty > Health Care > Alternative Medicine,$13.00,$7.15,$6.50,$10.40,12,aligned to live retail title,https://items-images-production-f.squarecdn.com/files/dc0d83d1f3bf721f3f8e1d427c1bd061b72d88e4/original.jpeg,,,,
TEA_PEP_SOAP,Tea Tree & Peppermint Artisan Soap,"The wake-up bar. Saponified olive and coconut oils whipped into a rich, creamy lather, lifted with crisp Australian tea tree and cool peppermint. It's the post-workout, early-morning, shake-off-the-day shower soap — brisk, clean, and refreshing, the way a good bar soap should be. Each 4.5 oz bar is cold-processed and cured for a long-lasting, hard bar. For external use only; if your skin is sensitive, test on a small area first.",https://herbalisticwellness.com/products/tea-tree-peppermint-artisan-soap,https://items-images-production.s3.us-west-2.amazonaws.com/files/ad535b2bbf46c11e791f17e0d540731503bd785b/original.jpeg,live-site image (newest published set),in_stock,6.00 USD,Herbalistic Wellness,new,Health & Beauty > Personal Care > Cosmetics > Bath & Body,$6.00,$3.30,$3.00,$4.80,12,aligned to live retail title,https://items-images-production-f.squarecdn.com/files/ad535b2bbf46c11e791f17e0d540731503bd785b/original.jpeg,https://items-images-production-f.squarecdn.com/files/f1c1e6b49b968c08d1dedcb355b96bee3c3104b1/original.jpeg,,,
FOUNDER_PASS,The Formulator's Collective: Founder Circle Pass,"The ultimate tier of The Formulator's Collective. The Founder Circle Pass gives you lifetime access to all 8 core curriculum modules — botanical identification, extraction methods, formulation math, GMP basics, preservation, and small-batch product formulation — plus weekly live Q&A masterclasses with LaToya Renee, private formulation vault downloads, and wholesale botanical sourcing directories. For founders who want the deepest seat in the room and direct mentorship as they build. Access: lifetime VIP membership, all future module updates included.",https://herbalisticwellness.com/products/the-formulators-collective-founder-circle-pass,https://items-images-production.s3.us-west-2.amazonaws.com/files/17f70d6921e2fda975bdc1e554e908a3b281a7fe/original.png,mapped from retail (exact ID),out_of_stock,148.00 USD,Herbalistic Wellness,new,,$148.00,$81.40,$74.00,$118.40,12,aligned to live retail title | EXCLUDE FROM MERCHANT (digital),https://items-images-production-f.squarecdn.com/files/17f70d6921e2fda975bdc1e554e908a3b281a7fe/original.png,,,,
LIFETIME_PASS,The Formulator's Collective: Full Course Lifetime Pass,"Learn to formulate like a pro, step by step. This 8-week program walks you from herbal enthusiast to confident formulator across 8 high-definition video modules: botanical identification, dual extraction methods, menstruum math, GMP compliance basics, preservation protocols, and small-batch product formulation. Lifetime access means you learn at your own pace and every future module update is yours. For anyone ready to make professional-grade herbal products — for their own shelf or their own brand. Access: lifetime course access.",https://herbalisticwellness.com/products/the-formulators-collective-full-course-lifetime-pass,https://items-images-production.s3.us-west-2.amazonaws.com/files/07e798df18f8e74cdf935f0ed7856d8b1c440a20/original.png,mapped from retail (exact ID),out_of_stock,197.00 USD,Herbalistic Wellness,new,,$197.00,$108.35,$98.50,$157.60,12,aligned to live retail title | EXCLUDE FROM MERCHANT (digital),https://items-images-production-f.squarecdn.com/files/07e798df18f8e74cdf935f0ed7856d8b1c440a20/original.png,,,,
TUR_FRAN_REG,"Turmeric, Frankincense & Myrrh Artisan Soap","A royal botanical bar. Organic golden turmeric root, wildcrafted frankincense, and myrrh resins folded into rich saponified plant oils — an old-world apothecary trio long prized in traditional skin-care rituals. The bar works into a creamy, spice-warm lather with a deep golden hue, leaving skin feeling clean, smooth, and glowing. Lather onto damp skin, massage in, and rinse. For external use only; turmeric can temporarily tint light washcloths — and if your skin is sensitive, test a small area first.",https://herbalisticwellness.com/products/turmeric-frankincense-and-myrrh-artisan-soap-herbalistic-wellness,https://items-images-production.s3.us-west-2.amazonaws.com/files/8b1dbf302eea2d84c48b3fd041163ff5c164805f/original.jpeg,live-site image (newest published set),in_stock,6.00 USD,Herbalistic Wellness,new,Health & Beauty > Personal Care > Cosmetics > Bath & Body,$6.00,$3.30,$3.00,$4.80,12,aligned to live retail title,https://items-images-production-f.squarecdn.com/files/8b1dbf302eea2d84c48b3fd041163ff5c164805f/original.jpeg,,,,
TUR_GING_REG,Turmeric Ginger Lemon Body Oil,"Golden oil, golden ritual. Pure organic turmeric root and warming ginger are cold-macerated in golden jojoba and rosehip seed oils, then finished with a lift of cold-pressed Italian lemon peel oil. The result is a silky, quick-to-warm body oil with a bright, sunny scent. Smooth onto damp skin after a shower for a dewy, lit-from-within look, or warm a little between your palms for a slow massage. For external use only; patch-test first if your skin is sensitive, and give skin time before sunbathing — citrus oils can make skin sun-sensitive.",https://herbalisticwellness.com/products/turmeric-ginger-lemon-body-oil-ance-reducing-oil-massage-oil-skin-oil-herbal-infused-oil,https://items-images-production.s3.us-west-2.amazonaws.com/files/975a97b7f9a488048a746ce460c9ae0502238187/original.png,live-site image (newest published set),in_stock,19.00 USD,Herbalistic Wellness,new,Health & Beauty > Health Care > Alternative Medicine,$19.00,$10.45,$9.50,$15.20,12,,https://items-images-production-f.squarecdn.com/files/975a97b7f9a488048a746ce460c9ae0502238187/original.png,https://items-images-production-f.squarecdn.com/files/18828d8ddbce3b5eec413c1189c477af0704d214/original.png,https://items-images-production-f.squarecdn.com/files/d6b562b678d82e2be3a356359029b67a4d1d45fc/original.png,https://items-images-production-f.squarecdn.com/files/a40349090a8c27d3bf05e6cc504fb16c17d23ec7/original.png,https://items-images-production-f.squarecdn.com/files/2a495814aa3427a84bf58c330ded749819e21916/original.png
TUR_LEMO_REG,Turmeric Lemon Body Butter,"Our best-selling whipped butter, in its golden hour. Grade A raw unrefined shea butter whipped to a light, airy cloud with golden turmeric root extract, sweet almond oil, and cold-pressed lemon peel oil. It melts in fast — rich moisture without the greasy feel — and leaves skin looking soft, supple, and sun-kissed. Scoop a small amount and massage into damp skin after a bath or shower, when skin drinks it in best. For external use only; citrus oils can make skin sun-sensitive, so give it time before sunbathing.",https://herbalisticwellness.com/products/turmeric-lemon-body-butter,https://items-images-production.s3.us-west-2.amazonaws.com/files/225f307ea0c5a6aaca701f1539d9e815f0c4a08e/original.jpeg,live-site image (newest published set),in_stock,27.00 USD,Herbalistic Wellness,new,Health & Beauty > Personal Care > Cosmetics > Bath & Body,$27.00,$14.85,$13.50,$21.60,12,,https://items-images-production-f.squarecdn.com/files/225f307ea0c5a6aaca701f1539d9e815f0c4a08e/original.jpeg,,,,
TURM_SOAP,Turmeric Root Clarifying Soap,"The turmeric bar with a little extra soul. Organic raw turmeric root and raw honey folded into nourishing saponified plant oils for a creamy, golden lather. It cleanses deeply without stripping, leaving skin feeling smooth, fresh, and radiant. Work into a lather on damp skin, massage in, and rinse. For external use only; if your skin is sensitive, test a small area first. (Turmeric may tint light washcloths.)",https://herbalisticwellness.com/products/turmeric-root-repair-soap,https://items-images-production.s3.us-west-2.amazonaws.com/files/4eba9dbbaa0a5b8318a78f775a535641b8854747/original.jpeg,live-site image (newest published set),in_stock,6.00 USD,Herbalistic Wellness,new,Health & Beauty > Personal Care > Cosmetics > Bath & Body,$6.00,$3.30,$3.00,$4.80,12,aligned to live retail title,https://items-images-production-f.squarecdn.com/files/4eba9dbbaa0a5b8318a78f775a535641b8854747/original.jpeg,https://items-images-production-f.squarecdn.com/files/1962bd306e57f33260b6a307ef8bbcd1ae082cf6/original.jpeg,https://items-images-production-f.squarecdn.com/files/47639e9df22512ce2ffdad34d562920e10447db1/original.jpeg,https://items-images-production-f.squarecdn.com/files/694ed1977a70fae711d6d5c80f2be81412f2914c/original.jpeg,
VAL_ROOT,Valerian Root,"The old bedtime herb. Certified organic valerian root (Valeriana officinalis), cut and sifted for easy steeping. Herbalists have kept this earthy root in the evening pantry for generations — it brews into a strong, grounding tea, often blended with chamomile, lemon balm, or peppermint to soften its bold flavor. Steep one teaspoon in just-boiled water, covered, for ten to fifteen minutes. Store in a cool, dry place away from light. If you are pregnant, nursing, or taking medication, check with your healthcare provider before use. Note: valerian has a famously strong scent — that's the herb, not a flaw.",https://herbalisticwellness.com/products/valerian-root,https://items-images-production.s3.us-west-2.amazonaws.com/files/faa71761d9c0068f3ccafb8453a08aa1bc66a6b8/original.jpeg,live-site image (newest published set),in_stock,15.00 USD,Herbalistic Wellness,new,Health & Beauty > Health Care > Alternative Medicine,$15.00,$8.25,$7.50,$12.00,12,aligned to live retail title,https://items-images-production-f.squarecdn.com/files/faa71761d9c0068f3ccafb8453a08aa1bc66a6b8/original.jpeg,https://items-images-production-f.squarecdn.com/files/0042ae6fb98bc7a9300eedddd5a2f6d4997304ad/original.jpeg,https://items-images-production-f.squarecdn.com/files/1a7b642cd3b046785cbf74dfe275b3bf96bb59f7/original.jpeg,,
SHEA_BUTTER,Whipped Shea Butter,"The one-jar wonder. Ethically sourced Grade A unrefined Ghanaian shea butter, whipped into a luxurious velvet cloud with golden jojoba. Rich in vitamins A, E, and F, this fragrance-free all-purpose butter seals in moisture — scoop a little and work it into dry hands, elbows, knees, and heels, or smooth it through the ends of your hair. A little goes a long way; warm it between your palms first and it melts like, well, butter. For external use only.",https://herbalisticwellness.com/products/whipped-shea-butter,https://items-images-production.s3.us-west-2.amazonaws.com/files/1d4ae23501f6fa93e50a68554fb60ab6641b2a01/original.jpeg,mapped from retail (exact ID),in_stock,15.00 USD,Herbalistic Wellness,new,Health & Beauty > Personal Care > Cosmetics > Bath & Body,$15.00,$8.25,$7.50,$12.00,12,aligned to live retail title,https://items-images-production-f.squarecdn.com/files/1d4ae23501f6fa93e50a68554fb60ab6641b2a01/original.jpeg,https://items-images-production-f.squarecdn.com/files/e768d544aed47e0f5a567180c2d0f146a3cd759e/original.jpeg,https://items-images-production-f.squarecdn.com/files/2586e0535fa09b0b5513c95bd32b5e6182f6202c/original.jpeg,https://items-images-production-f.squarecdn.com/files/2c32fd8159b7784b94560e4e964c9247be566284/original.jpeg,