id,title,retail_msrp,tier1_wholesale_55_percent,tier2_volume_50_percent,white_label_ip_80_percent,min_order_qty,image_link
ARL_1OZ,Arnica Flower Dried Organic - 1oz,$12.00,$6.60,$6.00,$9.60,12,https://www.herbalisticwellness.com/assets/images/products/arnica-flower.webp
ARN_OIL_1OZ,Arnica Oil - 1oz,$22.00,$12.10,$11.00,$17.60,12,https://www.herbalisticwellness.com/assets/images/products/arnica-oil.webp
BUR_ROOT_2OZ,Burdock Root - 2oz,$10.00,$5.50,$5.00,$8.00,12,https://www.herbalisticwellness.com/assets/images/products/burdock-root.webp
BPF_TEA_1.5,Butterfly Pea Flower - 1.5 fl oz,$15.00,$8.25,$7.50,$12.00,12,https://www.herbalisticwellness.com/assets/images/products/butterfly-pea-flower.webp
BPF_TIN_1OZ,Butterfly Pea Flower Tincture - 1 fl oz,$22.00,$12.10,$11.00,$17.60,12,https://www.herbalisticwellness.com/assets/images/products/butterfly-pea-flower-tincture.webp
BP_MASK_3.4,Butterfly Pea Sea Moss Face Mask - 3.4 oz,$18.00,$9.90,$9.00,$14.40,12,https://www.herbalisticwellness.com/assets/images/products/butterfly-pea-sea-moss-face-mask.webp
BUT_PEA_3OZ,"Butterfly Pea, Lavender, & Chamomile ( Focus & Calming Energy Blend ) - 3oz",$16.99,$9.34,$8.50,$13.59,12,https://www.herbalisticwellness.com/assets/images/products/product-default.jpg
BUT_PEA_REG,"Butterfly Pea, Lavender, & Chamomile Calming Signature Blend | Herbalistic Wellness - Regular",$9.18,$5.05,$4.59,$7.34,12,https://www.herbalisticwellness.com/assets/images/products/product-default.jpg
CHAM_FL_1.5,Chamomile Dried Flowers - 1.5 fl oz,$14.00,$7.70,$7.00,$11.20,12,https://www.herbalisticwellness.com/assets/images/products/chamomile-flowers.jpg
CHAM_TIN_1,Chamomile Tincture - 1 fl oz,$17.00,$9.35,$8.50,$13.60,12,https://www.herbalisticwellness.com/assets/images/products/chamomile-tincture.jpg
CHI_CALE_REG,Chickweed Calendula & Lavender Ezcema Cream - Regular,$12.84,$7.06,$6.42,$10.27,12,https://www.herbalisticwellness.com/assets/images/products/product-default.jpg
CHI_PREM_REG,Chickweed Premium Organic Herb - Regular,$7.31,$4.02,$3.66,$5.85,12,https://www.herbalisticwellness.com/assets/images/products/product-default.jpg
COM_OIL_1OZ,Comfrey Oil - 1oz,$12.91,$7.10,$6.46,$10.33,12,https://www.herbalisticwellness.com/assets/images/products/product-default.jpg
COM_ROOT_REG,Comfrey Root - Regular,$9.51,$5.23,$4.76,$7.61,12,https://www.herbalisticwellness.com/assets/images/products/product-default.jpg
DAN_ROOT_2OZ,Dandelion Root - 2 oz,$9.18,$5.05,$4.59,$7.34,12,https://www.herbalisticwellness.com/assets/images/products/dandelion-root.webp
ECH_PUR,Echinacea Purpurea - 1oz,$10.00,$5.50,$5.00,$8.00,12,https://www.herbalisticwellness.com/assets/images/products/echinacea-tincture.webp
ECH_TIN,Echinacea Tincture - 1 fl oz,$18.00,$9.90,$9.00,$14.40,12,https://www.herbalisticwellness.com/assets/images/products/echinacea-tincture.webp
ECH_TIN,Echinacea Tincture - 1 fl oz,$18.00,$9.90,$9.00,$14.40,12,https://www.herbalisticwellness.com/assets/images/products/echinacea-tincture.webp
ELD_BER,Elderberry - 2oz,$10.00,$5.50,$5.00,$8.00,12,https://www.herbalisticwellness.com/assets/images/products/elderberry.webp
EUC_SCRUB,Eucalyptus Mint Bath Scrub - 8 oz,$25.00,$13.75,$12.50,$20.00,12,https://www.herbalisticwellness.com/assets/images/products/eucalyptus-mint-bath-scrub.webp
EUC_BUTTER,Eucalyptus Mint Body Butter - 8 oz,$27.00,$14.85,$13.50,$21.60,12,https://www.herbalisticwellness.com/assets/images/products/eucalyptus-mint-body-butter.webp
FRANK_BUTTER,Frankincense & Myrrh Body Butter - 8 oz,$27.00,$14.85,$13.50,$21.60,12,https://www.herbalisticwellness.com/assets/images/products/frankincense-myrrh-body-butter.webp
FRA_AND_REG,Frankincense and Myrrh Bath Salt Scrub - Regular,$25.00,$13.75,$12.50,$20.00,12,https://www.herbalisticwellness.com/assets/images/products/product-default.jpg
GIN_GRAP_REG,Ginger & Grapefruit Body Butter - Regular,$27.00,$14.85,$13.50,$21.60,12,https://www.herbalisticwellness.com/assets/images/products/ginger-grapefruit-body-butter.webp
GIN_GRAP_REG,Ginger & Grapefruit Peel Powder Bath Scrub - Regular,$25.00,$13.75,$12.50,$20.00,12,https://www.herbalisticwellness.com/assets/images/products/ginger-grapefruit-peel-powder-bath-scrub.webp
GOTU_KOLA,Gotu Kola - 1.5oz,$14.00,$7.70,$7.00,$11.20,12,https://www.herbalisticwellness.com/assets/images/products/product-default.jpg
HAR_SPIC_REG,Harvest Spice | Limited Edition Seasonal Harvest Butter - Regular,$11.55,$6.35,$5.78,$9.24,12,https://www.herbalisticwellness.com/assets/images/products/harvest-spice-limited-edition-seasonal.webp
JOURNAL_BLK,Herbal Remedies Journal - Black Edition,$20.00,$11.00,$10.00,$16.00,12,https://www.herbalisticwellness.com/assets/images/products/product-default.jpg
HER_REME_REG,Herbal Remedies Journal - Brown Edition - Regular,$20.00,$11.00,$10.00,$16.00,12,https://www.herbalisticwellness.com/assets/images/products/product-default.jpg
HER_REME_REG,Herbal Remedies Journal - Purple Edition - Regular,$20.00,$11.00,$10.00,$16.00,12,https://www.herbalisticwellness.com/assets/images/products/product-default.jpg
HER_AYUR_REG,Herbie Ayurvedic Sleep Infusion - Regular,$15.00,$8.25,$7.50,$12.00,12,https://www.herbalisticwellness.com/assets/images/products/product-default.jpg
HER_DETO_23OZ,Herbie Detox Blend - 2.3oz,$8.50,$4.68,$4.25,$6.80,12,https://www.herbalisticwellness.com/assets/images/products/product-default.jpg
HIB_LEAF_1OZ,Hibiscus Leaf - 1oz,$12.00,$6.60,$6.00,$9.60,12,https://www.herbalisticwellness.com/assets/images/products/product-default.jpg
LAV_BUTTER,Lavender Body Butter - 8 oz,$27.00,$14.85,$13.50,$21.60,12,https://www.herbalisticwellness.com/assets/images/products/lavender-body-butter.webp
LAV_BODY_8OZ,"Lavender Body Scrub, Calming Bath Scrub, Anxiety Calming Bath Scrub, Herbal Infused Ezcema Bath Scrub - 8oz",$25.00,$13.75,$12.50,$20.00,12,https://www.herbalisticwellness.com/assets/images/products/lavender-body-scrub-calming-bath-scrub-anxiety-calming-bath-scrub-herbal-infused-ezcema-bath-scrub.webp
LAV_FLW,Lavender Flowers - 1.5 fl oz,$14.00,$7.70,$7.00,$11.20,12,https://www.herbalisticwellness.com/assets/images/products/lavender-flowers.webp
LAV_MILK_REG,"Lavender Milk & Honey Bath Soak,  Milk Bath, Milk bath Powder, Herbal Infused Bath, Ezcema, Psoriasis, Sensitive Skin Soak - Regular",$12.16,$6.69,$6.08,$9.73,12,https://www.herbalisticwellness.com/assets/images/products/product-default.jpg
LAV_SOAP,Lavender Oatmeal Artisan Soap - 4 oz Bar,$6.00,$3.30,$3.00,$4.80,12,https://www.herbalisticwellness.com/assets/images/products/lavender-oatmeal-artisan-soap.webp
LEM_LEAF_5OZ,Lemongrass Leaf - 5 oz,$2.99,$1.64,$1.50,$2.39,12,https://www.herbalisticwellness.com/assets/images/products/lemongrass-leaf.webp
MAC_ROOT_25OZ,Maca Root | Powdered - 2.5oz,$13.00,$7.15,$6.50,$10.40,12,https://www.herbalisticwellness.com/assets/images/products/product-default.jpg
MARSH_ROOT,Marshmallow Root - 1.6 oz,$12.00,$6.60,$6.00,$9.60,12,https://www.herbalisticwellness.com/assets/images/products/product-default.jpg
MUL_LEAF,Mullein Leaf - 1oz,$13.00,$7.15,$6.50,$10.40,12,https://www.herbalisticwellness.com/assets/images/products/mullein-leaf.webp
MUL_OIL,Mullein Oil - 1oz,$18.00,$9.90,$9.00,$14.40,12,https://www.herbalisticwellness.com/assets/images/products/product-default.jpg
NEE_LEAF_REG,Neem Leaf - Regular,$9.00,$4.95,$4.50,$7.20,12,https://www.herbalisticwellness.com/assets/images/products/product-default.jpg
NERV_SALVE,Nerve Joint & Muscle Pain Relief Salve - 2oz,$10.00,$5.50,$5.00,$8.00,12,https://www.herbalisticwellness.com/assets/images/products/nerve-joint-muscle-pain-relief-salve.webp
OAT_HON_SOAP,Oatmeal & Honey Artisan Soap - 4 oz Bar,$8.00,$4.40,$4.00,$6.40,12,https://www.herbalisticwellness.com/assets/images/products/oatmeal-honey-artisan-soap.webp
ORG_CAL_SOAP,Orange & Calendula Artisan Soap - 4 oz Bar,$6.00,$3.30,$3.00,$4.80,12,https://www.herbalisticwellness.com/assets/images/products/orange-calendula-artisan-soap.webp
ORE_GRAP_REG,Oregon Grape Root Premium Organic Cut and Sifted Dried Herb - Regular,$12.00,$6.60,$6.00,$9.60,12,https://www.herbalisticwellness.com/assets/images/products/product-default.jpg
PEACH_BUTTER,Peach Mango Body Butter - 8 oz,$27.00,$14.85,$13.50,$21.60,12,https://www.herbalisticwellness.com/assets/images/products/product-default.jpg
PEA_MANG_4OZ,Peach Mango Artisan Soap | All Natural | Vegan | Handcrafted | Moisturizing Bar Soap - 4oz,$6.00,$3.30,$3.00,$4.80,12,https://www.herbalisticwellness.com/assets/images/products/peach-mango-artisan-soap.webp
PEA_MANG_REG,"Peach Mango Bath Salt Scrub, exfoliator, moisturizer - Regular",$25.00,$13.75,$12.50,$20.00,12,https://www.herbalisticwellness.com/assets/images/products/peach-mango-bath-salt-scrub.webp
PEACH_BUTTER,Peach Mango Body Butter - 8 oz,$27.00,$14.85,$13.50,$21.60,12,https://www.herbalisticwellness.com/assets/images/products/product-default.jpg
PEP_HEMP,Peppermint Hemp Seed Oil - 2oz,$19.00,$10.45,$9.50,$15.20,12,https://www.herbalisticwellness.com/assets/images/products/product-default.jpg
PEP_LEAF,Peppermint Leaf - 1.5 fl oz,$13.00,$7.15,$6.50,$10.40,12,https://www.herbalisticwellness.com/assets/images/products/peppermint-leaf.webp
RED_RASP_REG,Red Raspberry Leaf - Regular,$11.00,$6.05,$5.50,$8.80,12,https://www.herbalisticwellness.com/assets/images/products/product-default.jpg
ROS_LEMO_4OZ,Rosemary Lemon & Poppyseed All Natural Soap - 4oz,$6.00,$3.30,$3.00,$4.80,12,https://www.herbalisticwellness.com/assets/images/products/rosemary-lemon-poppyseed-artisan-soap.webp
ROSE_HAIR,Rosemary Peppermint Hair Growth Serum - 2 oz,$19.00,$10.45,$9.50,$15.20,12,https://www.herbalisticwellness.com/assets/images/products/rosemary-peppermint-hair-growth-serum.webp
SAG_LEAF_REG,Sage Leaf - Regular,$9.00,$4.95,$4.50,$7.20,12,https://www.herbalisticwellness.com/assets/images/products/product-default.jpg
SEA_MOSS_REG,Sea Moss Gel DIY Kit Wildcrafted - Regular,$16.99,$9.34,$8.50,$13.59,12,https://www.herbalisticwellness.com/assets/images/products/product-default.jpg
SOU_AFRI_2OZ,South African Rooibos - 2oz,$10.00,$5.50,$5.00,$8.00,12,https://www.herbalisticwellness.com/assets/images/products/south-african-rooibos.webp
SPE_LEAF_5OZ,Spearmint Leaf | Loose Organic Premium Herb - 5oz,$14.00,$7.70,$7.00,$11.20,12,https://www.herbalisticwellness.com/assets/images/products/spearmint-leaf.webp
ST_JOHNS_OIL,St. John's Body Oil - 2 fl oz,$25.00,$13.75,$12.50,$20.00,12,https://www.herbalisticwellness.com/assets/images/products/st-john-s-body-oil.webp
ST_JOHN_2OZ,St. Johns Wort (Powder),$13.00,$7.15,$6.50,$10.40,12,https://www.herbalisticwellness.com/assets/images/products/st-johns-wort-dried-mood-regulating-herb-herbal-healing-diy-herbal-infusions.webp
TEA_PEP_SOAP,Tea Tree & Peppermint Artisan Soap - 4 oz Bar,$6.00,$3.30,$3.00,$4.80,12,https://www.herbalisticwellness.com/assets/images/products/tea-tree-peppermint-artisan-soap.webp
FOUNDER_PASS,The Formulators Collective: Founder Circle Pass,$148.00,$81.40,$74.00,$118.40,12,https://www.herbalisticwellness.com/assets/images/products/product-default.jpg
LIFETIME_PASS,The Formulators Collective: Full Course Lifetime Pass,$197.00,$108.35,$98.50,$157.60,12,https://www.herbalisticwellness.com/assets/images/products/product-default.jpg
TUR_FRAN_REG,Turmeric Frankincense and Myrrh Artisan Soap | Herbalistic Wellness - Regular,$6.00,$3.30,$3.00,$4.80,12,https://www.herbalisticwellness.com/assets/images/products/turmeric-frankincense-and-myrrh-soap.webp
TUR_GING_REG,Turmeric Ginger Lemon Body Oil,$19.00,$10.45,$9.50,$15.20,12,https://www.herbalisticwellness.com/assets/images/products/turmeric-ginger-lemon-glow-serum.webp
TUR_LEMO_REG,Turmeric Lemon Body Butter - Regular,$27.00,$14.85,$13.50,$21.60,12,https://www.herbalisticwellness.com/assets/images/products/turmeric-lemon-body-butter.webp
TURM_SOAP,Turmeric Root Repair Soap - 4 oz Bar,$6.00,$3.30,$3.00,$4.80,12,https://www.herbalisticwellness.com/assets/images/products/turmeric-root-repair-soap.webp
VAL_ROOT,Valerian Root Cut & Sifted - 2oz,$15.00,$8.25,$7.50,$12.00,12,https://www.herbalisticwellness.com/assets/images/products/valerian-root.webp
SHEA_BUTTER,Whipped Shea Butter - 8oz,$15.00,$8.25,$7.50,$12.00,12,https://www.herbalisticwellness.com/assets/images/products/product-default.jpg